Layer Mapping Number,Layer Mapping Part Type,Layer Number,Layer Type,Input GDS Number,Input GDS Data Type,Output GDS Number,Output GDS Data Type,Input Oasis Number,Input Oasis Data Type,Output Oasis Number,Output Oasis Data Type,Extended Layer Number,Extended Input GDS Number,Extended Input GDS Data Type,Extended Output GDS Number,Extended Output GDS Data Type,Extended Input Oasis Number,Extended Input Oasis Data Type,Extended Output Oasis Number,Extended Output Oasis Data Type
LM-0001.091,Layer Mapping Table,Mask_Zener_Pimp_6Q_Generic,Layer,155,0,155,0,NIL,NIL,NIL,NIL,,,,,,,,,
LM-0001.091,Layer Mapping Table,Mask_Zener_Nimp_6R_Generic,Layer,13,28,13,28,,,,,,,,,,,,,
LM-0001.091,Layer Mapping Table,Mask_ZVT_1B_Generic,Layer,141,0,141,0,NIL,NIL,NIL,NIL,,,,,,,,,
LM-0001.091,Layer Mapping Table,Mask_ZPVT_1C_Generic,Layer,150,0,150,0,NIL,NIL,NIL,NIL,,,,,,,,,
LM-0001.091,Layer Mapping Table,Mask_ZON_6C_Generic,Layer,84,0,84,0,NIL,NIL,NIL,NIL,,,,,,,,,
LM-0001.091,Layer Mapping Table,Mask_ZMK_BT_Generic,Layer,16,29,16,29,,,,,,,,,,,,,
LM-0001.091,Layer Mapping Table,Mask_ZERO_MASK_00_Generic,Layer,221,0,221,0,NIL,NIL,NIL,NIL,,,,,,,,,
LM-0001.091,Layer Mapping Table,Mask_ZENER_2C_Generic,Layer,178,0,178,0,NIL,NIL,NIL,NIL,,,,,,,,,
LM-0001.091,Layer Mapping Table,Mask_Win2_9C_Generic,Layer,91,0,91,0,NIL,NIL,NIL,NIL,,,,,,,,,
LM-0001.091,Layer Mapping Table,Mask_ViaTop_9R_Generic,Layer,129,0,129,0,NIL,NIL,NIL,NIL,,,,,,,,,
LM-0001.091,Layer Mapping Table,Mask_ViaRDL_9X_Generic,Layer,170,0,170,0,NIL,NIL,NIL,NIL,,,,,,,,,
LM-0001.091,Layer Mapping Table,Mask_Via8_A6_Generic,Layer,71,28,71,28,,,,,,,,,,,,,
LM-0001.091,Layer Mapping Table,Mask_Via7_9W_Generic,Layer,140,0,140,0,NIL,NIL,NIL,NIL,,,,,,,,,
LM-0001.091,Layer Mapping Table,Mask_Via6_9P_Generic,Layer,127,0,127,0,NIL,NIL,NIL,NIL,,,,,,,,,
LM-0001.091,Layer Mapping Table,Mask_Via5_9D_Generic,Layer,82,0,82,0,NIL,NIL,NIL,NIL,,,,,,,,,
LM-0001.091,Layer Mapping Table,Mask_Via4_97_Generic,Layer,41,0,41,0,NIL,NIL,NIL,NIL,,,,,,,,,
LM-0001.091,Layer Mapping Table,Mask_Via3_94_Generic,Layer,40,0,40,0,NIL,NIL,NIL,NIL,,,,,,,,,
LM-0001.091,Layer Mapping Table,Mask_Via2_91_Generic,Layer,38,0,38,0,NIL,NIL,NIL,NIL,,,,,,,,,
LM-0001.091,Layer Mapping Table,Mask_Via1_85_Generic,Layer,35,0,35,0,NIL,NIL,NIL,NIL,,,,,,,,,
LM-0001.091,Layer Mapping Table,Mask_VT_ADJ_33_Generic,Layer,52,0,52,0,NIL,NIL,NIL,NIL,,,,,,,,,
LM-0001.091,Layer Mapping Table,Mask_VIA_METAL_STRAP_AO_Generic,Layer,51,28,51,28,,,,,,,,,,,,,
LM-0001.091,Layer Mapping Table,Mask_U5SSM_BG_Generic,Layer,93,28,93,28,,,,,,,,,,,,,
LM-0001.091,Layer Mapping Table,Mask_Trench_imp_1S_Generic,Layer,15,28,15,28,,,,,,,,,,,,,
LM-0001.091,Layer Mapping Table,Mask_Trench_12_Generic,Layer,6,0,6,0,,,,,,,,,,,,,
LM-0001.091,Layer Mapping Table,Mask_TUNOX_35_Generic,Layer,27,0,27,0,NIL,NIL,NIL,NIL,,,,,,,,,
LM-0001.091,Layer Mapping Table,Mask_TP_64_Generic,Layer,10,0,10,0,NIL,NIL,NIL,NIL,,,,,,,,,
LM-0001.091,Layer Mapping Table,Mask_TN_61_Generic,Layer,47,0,47,0,NIL,NIL,NIL,NIL,,,,,,,,,
LM-0001.091,Layer Mapping Table,Mask_TGVT_34_Generic,Layer,136,0,136,0,NIL,NIL,NIL,NIL,,,,,,,,,
LM-0001.091,Layer Mapping Table,Mask_TGM_4B_Generic,Layer,237,0,237,0,NIL,NIL,NIL,NIL,,,,,,,,,
LM-0001.091,Layer Mapping Table,Mask_TANRES_8J_Generic,Layer,222,0,222,0,NIL,NIL,NIL,NIL,,,,,,,,,
LM-0001.091,Layer Mapping Table,Mask_S_Contact_79_Generic,Layer,230,0,230,0,NIL,NIL,NIL,NIL,,,,,,,,,
LM-0001.091,Layer Mapping Table,Mask_SIC_6E_Generic,Layer,131,0,131,0,,,,,,,,,,,,,
LM-0001.091,Layer Mapping Table,Mask_SAB_68_Generic,Layer,49,0,49,0,NIL,NIL,NIL,NIL,,,,,,,,,
LM-0001.091,Layer Mapping Table,Mask_Resistor_63_Generic,Layer,62,0,62,0,NIL,NIL,NIL,NIL,,,,,,,,,
LM-0001.091,Layer Mapping Table,Mask_RONO_4A_Generic,Layer,200,0,200,0,NIL,NIL,NIL,NIL,,,,,,,,,
LM-0001.091,Layer Mapping Table,Mask_Pwell_03_Generic,Layer,43,0,43,0,NIL,NIL,NIL,NIL,,,,,,,,,
LM-0001.091,Layer Mapping Table,Mask_PreDope_59_Generic,Layer,85,0,85,0,NIL,NIL,NIL,NIL,,,,,,,,,
LM-0001.091,Layer Mapping Table,Mask_Pplus_70_Generic,Layer,31,0,31,0,NIL,NIL,NIL,NIL,,,,,,,,,
LM-0001.091,Layer Mapping Table,Mask_PplusRes_Blk_51_Generic,Layer,74,0,74,0,NIL,NIL,NIL,NIL,,,,,,,,,
LM-0001.091,Layer Mapping Table,Mask_PolyPwell2_5Y_Generic,Layer,244,0,244,0,NIL,NIL,NIL,NIL,,,,,,,,,
LM-0001.091,Layer Mapping Table,Mask_PolyPwell1_5X_Generic,Layer,243,0,243,0,NIL,NIL,NIL,NIL,,,,,,,,,
LM-0001.091,Layer Mapping Table,Mask_Poly3_66_Generic,Layer,45,0,45,0,NIL,NIL,NIL,NIL,,,,,,,,,
LM-0001.091,Layer Mapping Table,Mask_Poly2_60_Generic,Layer,30,0,30,0,NIL,NIL,NIL,NIL,,,,,,,,,
LM-0001.091,Layer Mapping Table,Mask_Poly1_40_Generic,Layer,28,0,28,0,NIL,NIL,NIL,NIL,,,,,,,,,
LM-0001.091,Layer Mapping Table,Mask_PcellVt2_5P_Generic,Layer,224,0,224,0,NIL,NIL,NIL,NIL,,,,,,,,,
LM-0001.091,Layer Mapping Table,Mask_Pad_95_Generic,Layer,37,0,37,0,NIL,NIL,NIL,NIL,,,,,,,,,
LM-0001.091,Layer Mapping Table,Mask_Pad2_9B_Generic,Layer,71,0,71,0,NIL,NIL,NIL,NIL,,,,,,,,,
LM-0001.091,Layer Mapping Table,Mask_P_PTHROU_5Q_Generic,Layer,234,0,234,0,NIL,NIL,NIL,NIL,,,,,,,,,
LM-0001.091,Layer Mapping Table,Mask_PW_NAT_22_Generic,Layer,164,0,164,0,NIL,NIL,NIL,NIL,,,,,,,,,
LM-0001.091,Layer Mapping Table,Mask_PWLVT_1A_Generic,Layer,135,0,135,0,NIL,NIL,NIL,NIL,,,,,,,,,
LM-0001.091,Layer Mapping Table,Mask_PWHV_04_Generic,Layer,44,0,44,0,NIL,NIL,NIL,NIL,,,,,,,,,
LM-0001.091,Layer Mapping Table,Mask_PVT_28_Generic,Layer,20,0,20,0,NIL,NIL,NIL,NIL,,,,,,,,,
LM-0001.091,Layer Mapping Table,Mask_PRESI_5A_Generic,Layer,83,0,83,0,NIL,NIL,NIL,NIL,,,,,,,,,
LM-0001.091,Layer Mapping Table,Mask_POLYMEM_4C_Generic,Layer,16,0,16,0,,,,,,,,,,,,,
LM-0001.091,Layer Mapping Table,Mask_POLYFUSE_9Z_Generic,Layer,220,0,220,0,NIL,NIL,NIL,NIL,,,,,,,,,
LM-0001.091,Layer Mapping Table,Mask_POLYCON_7J_Generic,Layer,194,0,194,0,,,,,,,,,,,,,
LM-0001.091,Layer Mapping Table,Mask_PLDBODY_0U_Generic,Layer,39,28,39,28,,,,,,,,,,,,,
LM-0001.091,Layer Mapping Table,Mask_PLDBODY2_AL_Generic,Layer,48,28,48,28,,,,,,,,,,,,,
LM-0001.091,Layer Mapping Table,Mask_PISODEVICE_0F_Generic,Layer,24,28,24,28,,,,,,,,,,,,,
LM-0001.091,Layer Mapping Table,Mask_PISCAP_7D_Generic,Layer,120,0,120,0,NIL,NIL,NIL,NIL,,,,,,,,,
LM-0001.091,Layer Mapping Table,Mask_PIB_99_Generic,Layer,50,0,50,0,NIL,NIL,NIL,NIL,,,,,,,,,
LM-0001.091,Layer Mapping Table,Mask_PField_15_Generic,Layer,23,0,23,0,NIL,NIL,NIL,NIL,,,,,,,,,
LM-0001.091,Layer Mapping Table,Mask_PF1VA_17_Generic,Layer,149,0,149,0,NIL,NIL,NIL,NIL,,,,,,,,,
LM-0001.091,Layer Mapping Table,Mask_PDRIFT_BV_Generic,Layer,18,29,18,29,NIL,NIL,NIL,NIL,,,,,,,,,
LM-0001.091,Layer Mapping Table,Mask_PBL_BR_Generic,Layer,14,29,14,29,,,,,,,,,,,,,
LM-0001.091,Layer Mapping Table,Mask_OTP_PMemCell_6M_Generic,Layer,147,0,147,0,NIL,NIL,NIL,NIL,,,,,,,,,
LM-0001.091,Layer Mapping Table,Mask_OTP_HIVTP_1D_Generic,Layer,177,0,177,0,NIL,NIL,NIL,NIL,,,,,,,,,
LM-0001.091,Layer Mapping Table,Mask_OTPGate_3D_Generic,Layer,225,0,225,0,NIL,NIL,NIL,NIL,,,,,,,,,
LM-0001.091,Layer Mapping Table,Mask_Nwell_05_Generic,Layer,21,0,21,0,NIL,NIL,NIL,NIL,,,,,,,,,
LM-0001.091,Layer Mapping Table,Mask_Nplus_65_Generic,Layer,32,0,32,0,NIL,NIL,NIL,NIL,,,,,,,,,
LM-0001.091,Layer Mapping Table,Mask_NcellVt2_5N_Generic,Layer,223,0,223,0,NIL,NIL,NIL,NIL,,,,,,,,,
LM-0001.091,Layer Mapping Table,Mask_Ncap_50_Generic,Layer,39,0,39,0,NIL,NIL,NIL,NIL,,,,,,,,,
LM-0001.091,Layer Mapping Table,Mask_NWHV_5B_Generic,Layer,201,0,201,0,NIL,NIL,NIL,NIL,,,,,,,,,
LM-0001.091,Layer Mapping Table,Mask_NW1A_16_Generic,Layer,148,0,148,0,NIL,NIL,NIL,NIL,,,,,,,,,
LM-0001.091,Layer Mapping Table,Mask_NVT_29_Generic,Layer,19,0,19,0,NIL,NIL,NIL,NIL,,,,,,,,,
LM-0001.091,Layer Mapping Table,Mask_NSinker_48_Generic,Layer,122,0,122,0,,,,,,,,,,,,,
LM-0001.091,Layer Mapping Table,Mask_NRESI_5C_Generic,Layer,172,0,172,0,NIL,NIL,NIL,NIL,,,,,,,,,
LM-0001.091,Layer Mapping Table,Mask_NLDBODY_0V_Generic,Layer,40,28,40,28,,,,,,,,,,,,,
LM-0001.091,Layer Mapping Table,Mask_NLDBODY2_AM_Generic,Layer,49,28,49,28,,,,,,,,,,,,,
LM-0001.091,Layer Mapping Table,Mask_NH_AN_Generic,Layer,50,28,50,28,,,,,,,,,,,,,
LM-0001.091,Layer Mapping Table,Mask_NDVT_5V_Generic,Layer,247,0,247,0,NIL,NIL,NIL,NIL,,,,,,,,,
LM-0001.091,Layer Mapping Table,Mask_NDRIFT_BU_Generic,Layer,17,29,17,29,NIL,NIL,NIL,NIL,,,,,,,,,
LM-0001.091,Layer Mapping Table,Mask_NDRES_7K_JD,Layer,209,0,209,0,NIL,NIL,NIL,NIL,,,,,,,,,
LM-0001.091,Layer Mapping Table,Mask_NBL_BQ_Generic,Layer,13,29,13,29,,,,,,,,,,,,,
LM-0001.091,Layer Mapping Table,Mask_MetalTop_98_Generic,Layer,53,0,53,0,NIL,NIL,NIL,NIL,,,,,,,,,
LM-0001.091,Layer Mapping Table,Mask_MetalRDL_9Y_Generic,Layer,171,0,171,0,NIL,NIL,NIL,NIL,,,,,,,,,
LM-0001.091,Layer Mapping Table,Mask_Metal9_A7_Generic,Layer,72,28,72,28,,,,,,,,,,,,,
LM-0001.091,Layer Mapping Table,Mask_Metal8_9V_Generic,Layer,139,0,139,0,NIL,NIL,NIL,NIL,,,,,,,,,
LM-0001.091,Layer Mapping Table,Mask_Metal7_9Q_Generic,Layer,128,0,128,0,NIL,NIL,NIL,NIL,,,,,,,,,
LM-0001.091,Layer Mapping Table,Mask_Metal6_9N_Generic,Layer,126,0,126,0,NIL,NIL,NIL,NIL,,,,,,,,,
LM-0001.091,Layer Mapping Table,Mask_Metal5_9E_Generic,Layer,81,0,81,0,NIL,NIL,NIL,NIL,,,,,,,,,
LM-0001.091,Layer Mapping Table,Mask_Metal4_96_Generic,Layer,46,0,46,0,NIL,NIL,NIL,NIL,,,,,,,,,
LM-0001.091,Layer Mapping Table,Mask_Metal3_93_Generic,Layer,42,0,42,0,NIL,NIL,NIL,NIL,,,,,,,,,
LM-0001.091,Layer Mapping Table,Mask_Metal2_88_Generic,Layer,36,0,36,0,NIL,NIL,NIL,NIL,,,,,,,,,
LM-0001.091,Layer Mapping Table,Mask_Metal1_80_Generic,Layer,34,0,34,0,NIL,NIL,NIL,NIL,,,,,,,,,
LM-0001.091,Layer Mapping Table,Mask_MVPVT_2E_Generic,Layer,206,0,206,0,NIL,NIL,NIL,NIL,,,,,,,,,
LM-0001.091,Layer Mapping Table,Mask_MVNVT_1L_Generic,Layer,205,0,205,0,NIL,NIL,NIL,NIL,,,,,,,,,
LM-0001.091,Layer Mapping Table,Mask_MTPCELL2_AE_Generic,Layer,57,28,57,28,,,,,,,,,,,,,
LM-0001.091,Layer Mapping Table,Mask_MTPCELL1_AD_Generic,Layer,56,28,56,28,,,,,,,,,,,,,
LM-0001.091,Layer Mapping Table,Mask_MIM_ALIGN_8L_Generic,Layer,235,0,235,0,NIL,NIL,NIL,NIL,,,,,,,,,
LM-0001.091,Layer Mapping Table,Mask_METAL_UM3_A1_Generic,Layer,64,28,64,28,,,,,,,,,,,,,
LM-0001.091,Layer Mapping Table,Mask_METAL_STRAP_AS_Generic,Layer,52,28,52,28,,,,,,,,,,,,,
LM-0001.091,Layer Mapping Table,Mask_METAL_FL8_AV_Generic,Layer,73,28,73,28,,,,,,,,,,,,,
LM-0001.091,Layer Mapping Table,Mask_METAL_FL4_A2_Generic,Layer,65,28,65,28,,,,,,,,,,,,,
LM-0001.091,Layer Mapping Table,Mask_METAL_DOT_VIA_AU_Generic,Layer,54,28,54,28,,,,,,,,,,,,,
LM-0001.091,Layer Mapping Table,Mask_METAL_DOT_AT_Generic,Layer,53,28,53,28,,,,,,,,,,,,,
LM-0001.091,Layer Mapping Table,Mask_MEMW1_52_Generic,Layer,38,28,38,28,,,,,,,,,,,,,
LM-0001.091,Layer Mapping Table,Mask_MAGCORE_A3_Generic,Layer,68,28,68,28,,,,,,,,,,,,,
LM-0001.091,Layer Mapping Table,Mask_M1Reverse_7L_Generic,Layer,245,0,245,0,NIL,NIL,NIL,NIL,,,,,,,,,
LM-0001.091,Layer Mapping Table,Mask_LVPWELL_18_Generic,Layer,204,0,204,0,NIL,NIL,NIL,NIL,,,,,,,,,
LM-0001.091,Layer Mapping Table,Mask_LVNwell_07_Generic,Layer,72,0,72,0,,,,,,,,,,,,,
LM-0001.091,Layer Mapping Table,Mask_LVESD_69_Generic,Layer,56,0,56,0,NIL,NIL,NIL,NIL,,,,,,,,,
LM-0001.091,Layer Mapping Table,Mask_LPN_58_Generic,Layer,9,0,9,0,NIL,NIL,NIL,NIL,,,,,,,,,
LM-0001.091,Layer Mapping Table,Mask_LNN_54_Generic,Layer,87,0,87,0,NIL,NIL,NIL,NIL,,,,,,,,,
LM-0001.091,Layer Mapping Table,Mask_LI_78_Generic,Layer,17,0,17,0,NIL,NIL,NIL,NIL,,,,,,,,,
LM-0001.091,Layer Mapping Table,Mask_HVoxide_46_Generic,Layer,51,0,51,0,NIL,NIL,NIL,NIL,,,,,,,,,
LM-0001.091,Layer Mapping Table,Mask_HVaractor_5M_Generic,Layer,214,0,214,0,NIL,NIL,NIL,NIL,,,,,,,,,
LM-0001.091,Layer Mapping Table,Mask_HVT_PLDD_6Z_Generic,Layer,189,0,189,0,NIL,NIL,NIL,NIL,,,,,,,,,
LM-0001.091,Layer Mapping Table,Mask_HVT_NLDD_6Y_Generic,Layer,188,0,188,0,NIL,NIL,NIL,NIL,,,,,,,,,
LM-0001.091,Layer Mapping Table,Mask_HVP_23_Generic,Layer,54,0,54,0,NIL,NIL,NIL,NIL,,,,,,,,,
LM-0001.091,Layer Mapping Table,Mask_HVPVT_2F_Generic,Layer,208,0,208,0,NIL,NIL,NIL,NIL,,,,,,,,,
LM-0001.091,Layer Mapping Table,Mask_HVPDDD_2D_Generic,Layer,197,0,197,0,NIL,NIL,NIL,NIL,,,,,,,,,
LM-0001.091,Layer Mapping Table,Mask_HVN_62_Generic,Layer,59,0,59,0,NIL,NIL,NIL,NIL,,,,,,,,,
LM-0001.091,Layer Mapping Table,Mask_HVNVT_1M_Generic,Layer,207,0,207,0,NIL,NIL,NIL,NIL,,,,,,,,,
LM-0001.091,Layer Mapping Table,Mask_HVNDDD_1K_Generic,Layer,202,0,202,0,NIL,NIL,NIL,NIL,,,,,,,,,
LM-0001.091,Layer Mapping Table,Mask_HVNDDD2_0X_Generic,Layer,42,28,42,28,,,,,,,,,,,,,
LM-0001.091,Layer Mapping Table,Mask_HVGATE_5J_Generic,Layer,203,0,203,0,NIL,NIL,NIL,NIL,,,,,,,,,
LM-0001.091,Layer Mapping Table,Mask_HVDNW_09_Generic,Layer,14,28,14,28,,,,,,,,,,,,,
LM-0001.091,Layer Mapping Table,Mask_HTPVT_5G_Generic,Layer,196,0,196,0,NIL,NIL,NIL,NIL,,,,,,,,,
LM-0001.091,Layer Mapping Table,Mask_HTNVT_5F_Generic,Layer,195,0,195,0,NIL,NIL,NIL,NIL,,,,,,,,,
LM-0001.091,Layer Mapping Table,Mask_HPVT_PKT_5S_Generic,Layer,233,0,233,0,NIL,NIL,NIL,NIL,,,,,,,,,
LM-0001.091,Layer Mapping Table,Mask_HNVT_PKT_5R_Generic,Layer,232,0,232,0,NIL,NIL,NIL,NIL,,,,,,,,,
LM-0001.091,Layer Mapping Table,Mask_HD_19_Generic,Layer,218,0,218,0,NIL,NIL,NIL,NIL,,,,,,,,,
LM-0001.091,Layer Mapping Table,Mask_GD_37_Generic,Layer,219,0,219,0,NIL,NIL,NIL,NIL,,,,,,,,,
LM-0001.091,Layer Mapping Table,Mask_FuseWindow_9A_Generic,Layer,96,0,96,0,NIL,NIL,NIL,NIL,,,,,,,,,
LM-0001.091,Layer Mapping Table,Mask_FuseTop_92_Generic,Layer,75,0,75,0,NIL,NIL,NIL,NIL,,,,,,,,,
LM-0001.091,Layer Mapping Table,Mask_FuseTop2_8H_Generic,Layer,215,0,215,0,NIL,NIL,NIL,NIL,,,,,,,,,
LM-0001.091,Layer Mapping Table,Mask_FuseBot_8F_Generic,Layer,138,0,138,0,NIL,NIL,NIL,NIL,,,,,,,,,
LM-0001.091,Layer Mapping Table,Mask_Emitter_56_Generic,Layer,124,0,124,0,,,,,,,,,,,,,
LM-0001.091,Layer Mapping Table,Mask_ESD_67_Generic,Layer,24,0,24,0,NIL,NIL,NIL,NIL,,,,,,,,,
LM-0001.091,Layer Mapping Table,Mask_EMIPOLY_6F_Generic,Layer,132,0,132,0,,,,,,,,,,,,,
LM-0001.091,Layer Mapping Table,Mask_EDMOS_TOPOX_AG_Generic,Layer,58,28,58,28,,,,,,,,,,,,,
LM-0001.091,Layer Mapping Table,Mask_EDMOS_RECESS_AH_Generic,Layer,59,28,59,28,,,,,,,,,,,,,
LM-0001.091,Layer Mapping Table,Mask_Dualgate_38_Generic,Layer,55,0,55,0,NIL,NIL,NIL,NIL,,,,,,,,,
LM-0001.091,Layer Mapping Table,Mask_D_TRENCH_8P_Generic,Layer,23,28,23,28,NIL,NIL,NIL,NIL,,,,,,,,,
LM-0001.091,Layer Mapping Table,Mask_DVNwell_1G_Generic,Layer,181,0,181,0,NIL,NIL,NIL,NIL,,,,,,,,,
LM-0001.091,Layer Mapping Table,Mask_DVNVT_5K_Generic,Layer,211,0,211,0,NIL,NIL,NIL,NIL,,,,,,,,,
LM-0001.091,Layer Mapping Table,Mask_DVLVTN_0T_Generic,Layer,37,28,37,28,,,,,,,,,,,,,
LM-0001.091,Layer Mapping Table,Mask_DV3_PLDD_7C_Generic,Layer,169,0,169,0,NIL,NIL,NIL,NIL,,,,,,,,,
LM-0001.091,Layer Mapping Table,Mask_DV3_NLDD_7B_Generic,Layer,168,0,168,0,NIL,NIL,NIL,NIL,,,,,,,,,
LM-0001.091,Layer Mapping Table,Mask_DV3_7E_Generic,Layer,167,0,167,0,NIL,NIL,NIL,NIL,,,,,,,,,
LM-0001.091,Layer Mapping Table,Mask_DV3Pwell_1R_Generic,Layer,166,0,166,0,NIL,NIL,NIL,NIL,,,,,,,,,
LM-0001.091,Layer Mapping Table,Mask_DV3Nwell_1Q_Generic,Layer,165,0,165,0,NIL,NIL,NIL,NIL,,,,,,,,,
LM-0001.091,Layer Mapping Table,Mask_DV2_PLDD_6L_Generic,Layer,146,0,146,0,NIL,NIL,NIL,NIL,,,,,,,,,
LM-0001.091,Layer Mapping Table,Mask_DV2_NLDD_6K_Generic,Layer,145,0,145,0,NIL,NIL,NIL,NIL,,,,,,,,,
LM-0001.091,Layer Mapping Table,Mask_DV2_6J_Generic,Layer,144,0,144,0,NIL,NIL,NIL,NIL,,,,,,,,,
LM-0001.091,Layer Mapping Table,Mask_DRIFT_AA_Generic,Layer,47,28,47,28,NIL,NIL,NIL,NIL,,,,,,,,,
LM-0001.091,Layer Mapping Table,Mask_DNWELL_06_Generic,Layer,12,0,12,0,NIL,NIL,NIL,NIL,,,,,,,,,
LM-0001.091,Layer Mapping Table,Mask_DNPlus_5W_Generic,Layer,242,0,242,0,NIL,NIL,NIL,NIL,,,,,,,,,
LM-0001.091,Layer Mapping Table,Mask_DNI_3C_Generic,Layer,78,0,78,0,NIL,NIL,NIL,NIL,,,,,,,,,
LM-0001.091,Layer Mapping Table,Mask_DEPL_25_Generic,Layer,25,0,25,0,NIL,NIL,NIL,NIL,,,,,,,,,
LM-0001.091,Layer Mapping Table,Mask_Cwell_02_Generic,Layer,125,0,125,0,NIL,NIL,NIL,NIL,,,,,,,,,
LM-0001.091,Layer Mapping Table,Mask_Contact_75_Generic,Layer,33,0,33,0,NIL,NIL,NIL,NIL,,,,,,,,,
LM-0001.091,Layer Mapping Table,Mask_Cell_imp_30_Generic,Layer,26,0,26,0,NIL,NIL,NIL,NIL,,,,,,,,,
LM-0001.091,Layer Mapping Table,Mask_CellSD_6X_Generic,Layer,182,0,182,0,NIL,NIL,NIL,NIL,,,,,,,,,
LM-0001.091,Layer Mapping Table,Mask_C_OPEN_8N_Generic,Layer,22,28,22,28,,,,,,,,,,,,,
LM-0001.091,Layer Mapping Table,Mask_COPPER2_OC_Generic,Layer,67,28,67,28,,,,,,,,,,,,,
LM-0001.091,Layer Mapping Table,Mask_COPPER1_VIA_A4_Generic,Layer,69,28,69,28,,,,,,,,,,,,,
LM-0001.091,Layer Mapping Table,Mask_COPPER1_OB_Generic,Layer,66,28,66,28,,,,,,,,,,,,,
LM-0001.091,Layer Mapping Table,Mask_COMP_10_Generic,Layer,22,0,22,0,NIL,NIL,NIL,NIL,,,,,,,,,
LM-0001.091,Layer Mapping Table,Mask_CAP_45_Generic,Layer,29,0,29,0,NIL,NIL,NIL,NIL,,,,,,,,,
LM-0001.091,Layer Mapping Table,Mask_BuriedCavity_5H_Generic,Layer,199,0,199,0,NIL,NIL,NIL,NIL,,,,,,,,,
LM-0001.091,Layer Mapping Table,Mask_Base_49_Generic,Layer,123,0,123,0,,,,,,,,,,,,,
LM-0001.091,Layer Mapping Table,Mask_BVTP_2B_Generic,Layer,137,0,137,0,NIL,NIL,NIL,NIL,,,,,,,,,
LM-0001.091,Layer Mapping Table,Mask_BURIEDGRS_0H_Generic,Layer,26,28,26,28,,,,,,,,,,,,,
LM-0001.091,Layer Mapping Table,Mask_BURIEDGRD_0G_Generic,Layer,25,28,25,28,,,,,,,,,,,,,
LM-0001.091,Layer Mapping Table,Mask_BT_1H_Generic,Layer,186,0,186,0,NIL,NIL,NIL,NIL,,,,,,,,,
LM-0001.091,Layer Mapping Table,Mask_BN_20_Generic,Layer,11,0,11,0,NIL,NIL,NIL,NIL,,,,,,,,,
LM-0001.091,Layer Mapping Table,Mask_BJT_6N_Generic,Layer,133,0,133,0,NIL,NIL,NIL,NIL,,,,,,,,,
LM-0001.091,Layer Mapping Table,Mask_BI_BI_JD,Layer,6,8,6,8,,,,,,,,,,,,,
LM-0001.091,Layer Mapping Table,Mask_AntiFuse_8G_Generic,Layer,142,0,142,0,NIL,NIL,NIL,NIL,,,,,,,,,
LM-0001.091,Layer Mapping Table,Mask_AV_14_Generic,Layer,14,0,14,0,NIL,NIL,NIL,NIL,,,,,,,,,
LM-0001.091,Layer Mapping Table,Mask_ALPad_9S_Generic,Layer,130,0,130,0,NIL,NIL,NIL,NIL,,,,,,,,,
LM-0001.091,Layer Mapping Table,Mask_AD_11_Generic,Layer,15,0,15,0,NIL,NIL,NIL,NIL,,,,,,,,,
LM-0001.091,Layer Mapping Table,Mask_A4_VIA_A5_Generic,Layer,70,28,70,28,,,,,,,,,,,,,
LM-0001.091,Layer Mapping Table,Drawn_ZeroVT_Generic,Layer,4,0,NIL,NIL,NIL,NIL,NIL,NIL,,,,,,,,,
LM-0001.091,Layer Mapping Table,Drawn_Zener_Pimp_Label_Generic,Layer,155,10,NIL,NIL,NIL,NIL,NIL,NIL,,,,,,,,,
LM-0001.091,Layer Mapping Table,Drawn_Zener_Nimp_Label_Generic,Layer,13,10,NIL,NIL,,,,,,,,,,,,,
LM-0001.091,Layer Mapping Table,Drawn_ZVT_Label_Generic,Layer,141,10,NIL,NIL,NIL,NIL,NIL,NIL,,,,,,,,,
LM-0001.091,Layer Mapping Table,Drawn_ZST_Generic,Layer,217,0,NIL,NIL,NIL,NIL,NIL,NIL,,,,,,,,,
LM-0001.091,Layer Mapping Table,Drawn_ZPVT_Label_Generic,Layer,150,10,NIL,NIL,NIL,NIL,NIL,NIL,,,,,,,,,
LM-0001.091,Layer Mapping Table,Drawn_ZON_Label_Generic,Layer,84,10,NIL,NIL,NIL,NIL,NIL,NIL,,,,,,,,,
LM-0001.091,Layer Mapping Table,Drawn_ZERO_PSUB_Generic,Layer,246,0,NIL,NIL,NIL,NIL,NIL,NIL,,,,,,,,,
LM-0001.091,Layer Mapping Table,Drawn_ZERO_MASK_NBNOPC_Generic,Layer,221,31,NIL,NIL,,,,,,,,,,,,,
LM-0001.091,Layer Mapping Table,Drawn_ZERO_MASK_Label_Generic,Layer,221,10,NIL,NIL,,,,,,,,,,,,,
LM-0001.091,Layer Mapping Table,Drawn_ZENER_Label_Generic,Layer,178,10,NIL,NIL,NIL,NIL,NIL,NIL,,,,,,,,,
LM-0001.091,Layer Mapping Table,Drawn_Win2_NBNOPC_Generic,Layer,91,31,NIL,NIL,,,,,,,,,,,,,
LM-0001.091,Layer Mapping Table,Drawn_Win2_Label_Generic,Layer,91,10,NIL,NIL,NIL,NIL,NIL,NIL,,,,,,,,,
LM-0001.091,Layer Mapping Table,Drawn_Win2_CD_Generic,Layer,91,32,NIL,NIL,,,,,,,,,,,,,
LM-0001.091,Layer Mapping Table,Drawn_ViaTop_NBNOPC_Generic,Layer,129,31,NIL,NIL,,,,,,,,,,,,,
LM-0001.091,Layer Mapping Table,Drawn_ViaTop_Label_Generic,Layer,129,10,NIL,NIL,NIL,NIL,NIL,NIL,,,,,,,,,
LM-0001.091,Layer Mapping Table,Drawn_ViaTop_CD_Generic,Layer,129,32,NIL,NIL,,,,,,,,,,,,,
LM-0001.091,Layer Mapping Table,Drawn_ViaTop_Bar_Generic,Layer,129,15,NIL,NIL,,,,,,,,,,,,,
LM-0001.091,Layer Mapping Table,Drawn_ViaRDL_Label_Generic,Layer,170,10,NIL,NIL,NIL,NIL,NIL,NIL,,,,,,,,,
LM-0001.091,Layer Mapping Table,Drawn_Via8_Label_Generic,Layer,169,39,NIL,NIL,,,,,,,,,,,,,
LM-0001.091,Layer Mapping Table,Drawn_Via7_Label_Generic,Layer,140,10,NIL,NIL,NIL,NIL,NIL,NIL,,,,,,,,,
LM-0001.091,Layer Mapping Table,Drawn_Via7_Bar_Generic,Layer,140,15,NIL,NIL,,,,,,,,,,,,,
LM-0001.091,Layer Mapping Table,Drawn_Via6_Label_Generic,Layer,127,10,NIL,NIL,NIL,NIL,NIL,NIL,,,,,,,,,
LM-0001.091,Layer Mapping Table,Drawn_Via6_Bar_Generic,Layer,127,15,NIL,NIL,,,,,,,,,,,,,
LM-0001.091,Layer Mapping Table,Drawn_Via5_Label_Generic,Layer,82,10,NIL,NIL,NIL,NIL,NIL,NIL,,,,,,,,,
LM-0001.091,Layer Mapping Table,Drawn_Via5_Bar_Generic,Layer,82,15,NIL,NIL,,,,,,,,,,,,,
LM-0001.091,Layer Mapping Table,Drawn_Via4_NBNOPC_Generic,Layer,41,31,NIL,NIL,,,,,,,,,,,,,
LM-0001.091,Layer Mapping Table,Drawn_Via4_Label_Generic,Layer,41,10,NIL,NIL,NIL,NIL,NIL,NIL,,,,,,,,,
LM-0001.091,Layer Mapping Table,Drawn_Via4_Bar_Generic,Layer,41,15,NIL,NIL,,,,,,,,,,,,,
LM-0001.091,Layer Mapping Table,Drawn_Via3_SPE_Generic,Layer,40,30,NIL,NIL,,,,,,,,,,,,,
LM-0001.091,Layer Mapping Table,Drawn_Via3_NBNOPC_Generic,Layer,40,31,NIL,NIL,,,,,,,,,,,,,
LM-0001.091,Layer Mapping Table,Drawn_Via3_Label_Generic,Layer,40,10,NIL,NIL,NIL,NIL,NIL,NIL,,,,,,,,,
LM-0001.091,Layer Mapping Table,Drawn_Via3_Dummy_Generic,Layer,40,4,NIL,NIL,,,,,,,,,,,,,
LM-0001.091,Layer Mapping Table,Drawn_Via3_CD_Generic,Layer,40,32,NIL,NIL,,,,,,,,,,,,,
LM-0001.091,Layer Mapping Table,Drawn_Via3_Bar_Generic,Layer,40,15,NIL,NIL,,,,,,,,,,,,,
LM-0001.091,Layer Mapping Table,Drawn_Via2_SPE_Generic,Layer,38,30,NIL,NIL,,,,,,,,,,,,,
LM-0001.091,Layer Mapping Table,Drawn_Via2_NBNOPC_Generic,Layer,38,31,NIL,NIL,,,,,,,,,,,,,
LM-0001.091,Layer Mapping Table,Drawn_Via2_Label_Generic,Layer,38,10,NIL,NIL,NIL,NIL,NIL,NIL,,,,,,,,,
LM-0001.091,Layer Mapping Table,Drawn_Via2_Dummy_Generic,Layer,38,4,NIL,NIL,,,,,,,,,,,,,
LM-0001.091,Layer Mapping Table,Drawn_Via2_CD_Generic,Layer,38,32,NIL,NIL,,,,,,,,,,,,,
LM-0001.091,Layer Mapping Table,Drawn_Via2_Bar_Generic,Layer,38,15,NIL,NIL,,,,,,,,,,,,,
LM-0001.091,Layer Mapping Table,Drawn_Via1_SPE_Generic,Layer,35,30,NIL,NIL,,,,,,,,,,,,,
LM-0001.091,Layer Mapping Table,Drawn_Via1_NBNOPC_Generic,Layer,35,31,NIL,NIL,,,,,,,,,,,,,
LM-0001.091,Layer Mapping Table,Drawn_Via1_Label_Generic,Layer,35,10,NIL,NIL,NIL,NIL,NIL,NIL,,,,,,,,,
LM-0001.091,Layer Mapping Table,Drawn_Via1_Dummy_Generic,Layer,35,4,NIL,NIL,,,,,,,,,,,,,
LM-0001.091,Layer Mapping Table,Drawn_Via1_CD_Generic,Layer,35,32,NIL,NIL,,,,,,,,,,,,,
LM-0001.091,Layer Mapping Table,Drawn_Via1_Bar_Generic,Layer,35,15,NIL,NIL,,,,,,,,,,,,,
LM-0001.091,Layer Mapping Table,Drawn_VT_ADJ_Label_Generic,Layer,52,10,NIL,NIL,NIL,NIL,NIL,NIL,,,,,,,,,
LM-0001.091,Layer Mapping Table,Drawn_VIA_METAL_STRAP_Label_Generic,Layer,145,39,NIL,NIL,,,,,,,,,,,,,
LM-0001.091,Layer Mapping Table,Drawn_VIA4_GRIDMK_Generic,Layer,77,17,NIL,NIL,,,,,,,,,,,,,
LM-0001.091,Layer Mapping Table,Drawn_V1ROM_Generic,Layer,16,50,NIL,NIL,,,,,,,,,,,,,
LM-0001.091,Layer Mapping Table,Drawn_UBMPPeri_Label_Generic,Layer,29,39,NIL,NIL,,,,,,,,,,,,,
LM-0001.091,Layer Mapping Table,Drawn_UBMPPeri_Generic,Layer,183,0,NIL,NIL,NIL,NIL,NIL,NIL,,,,,,,,,
LM-0001.091,Layer Mapping Table,Drawn_UBMPArray_Label_Generic,Layer,33,39,NIL,NIL,,,,,,,,,,,,,
LM-0001.091,Layer Mapping Table,Drawn_UBMPArray_Generic,Layer,184,0,NIL,NIL,NIL,NIL,NIL,NIL,,,,,,,,,
LM-0001.091,Layer Mapping Table,Drawn_UBMEPlate_Label_Generic,Layer,28,39,NIL,NIL,,,,,,,,,,,,,
LM-0001.091,Layer Mapping Table,Drawn_UBMEPlate_Generic,Layer,185,0,NIL,NIL,NIL,NIL,NIL,NIL,,,,,,,,,
LM-0001.091,Layer Mapping Table,Drawn_UBM2_Generic,Layer,253,73,NIL,NIL,,,,,,,,,,,,,
LM-0001.091,Layer Mapping Table,Drawn_U5SSM_Label_Generic,Layer,198,39,NIL,NIL,,,,,,,,,,,,,
LM-0001.091,Layer Mapping Table,Drawn_Trench_imp_Label_Generic,Layer,38,39,NIL,NIL,,,,,,,,,,,,,
LM-0001.091,Layer Mapping Table,Drawn_Trench_NBNOPC_Generic,Layer,6,31,NIL,NIL,,,,,,,,,,,,,
LM-0001.091,Layer Mapping Table,Drawn_Trench_Label_Generic,Layer,6,10,NIL,NIL,,,,,,,,,,,,,
LM-0001.091,Layer Mapping Table,Drawn_TUNOX_SPE_Generic,Layer,27,30,NIL,NIL,,,,,,,,,,,,,
LM-0001.091,Layer Mapping Table,Drawn_TUNOX_NBNOPC_Generic,Layer,27,31,NIL,NIL,,,,,,,,,,,,,
LM-0001.091,Layer Mapping Table,Drawn_TUNOX_Label_Generic,Layer,27,10,NIL,NIL,NIL,NIL,NIL,NIL,,,,,,,,,
LM-0001.091,Layer Mapping Table,Drawn_TUNOX_Dummy_Generic,Layer,27,4,NIL,NIL,,,,,,,,,,,,,
LM-0001.091,Layer Mapping Table,Drawn_TUNOX_CD_Generic,Layer,27,32,NIL,NIL,,,,,,,,,,,,,
LM-0001.091,Layer Mapping Table,Drawn_TRANSMIS_Generic,Layer,212,7,NIL,NIL,,,,,,,,,,,,,
LM-0001.091,Layer Mapping Table,Drawn_TP_SPE_Generic,Layer,10,30,NIL,NIL,,,,,,,,,,,,,
LM-0001.091,Layer Mapping Table,Drawn_TP_NBNOPC_Generic,Layer,10,31,NIL,NIL,,,,,,,,,,,,,
LM-0001.091,Layer Mapping Table,Drawn_TP_Label_Generic,Layer,10,10,NIL,NIL,NIL,NIL,NIL,NIL,,,,,,,,,
LM-0001.091,Layer Mapping Table,Drawn_TP_Dummy_Generic,Layer,10,4,NIL,NIL,,,,,,,,,,,,,
LM-0001.091,Layer Mapping Table,Drawn_TP_CD_Generic,Layer,10,32,NIL,NIL,,,,,,,,,,,,,
LM-0001.091,Layer Mapping Table,Drawn_TN_SPE_Generic,Layer,47,30,NIL,NIL,,,,,,,,,,,,,
LM-0001.091,Layer Mapping Table,Drawn_TN_NBNOPC_Generic,Layer,47,31,NIL,NIL,,,,,,,,,,,,,
LM-0001.091,Layer Mapping Table,Drawn_TN_Label_Generic,Layer,47,10,NIL,NIL,NIL,NIL,NIL,NIL,,,,,,,,,
LM-0001.091,Layer Mapping Table,Drawn_TN_Dummy_Generic,Layer,47,4,NIL,NIL,,,,,,,,,,,,,
LM-0001.091,Layer Mapping Table,Drawn_TN_CD_Generic,Layer,47,32,NIL,NIL,,,,,,,,,,,,,
LM-0001.091,Layer Mapping Table,Drawn_TGVT_Label_Generic,Layer,136,10,NIL,NIL,NIL,NIL,NIL,NIL,,,,,,,,,
LM-0001.091,Layer Mapping Table,Drawn_TGM_Label_Generic,Layer,237,10,NIL,NIL,NIL,NIL,NIL,NIL,,,,,,,,,
LM-0001.091,Layer Mapping Table,Drawn_SiOTP_Generic,Layer,24,39,NIL,NIL,,,,,,,,,,,,,
LM-0001.091,Layer Mapping Table,Drawn_Schottky_diode_Generic,Layer,241,0,NIL,NIL,NIL,NIL,NIL,NIL,,,,,,,,,
LM-0001.091,Layer Mapping Table,Drawn_S_Contact_Label_Generic,Layer,230,10,NIL,NIL,NIL,NIL,NIL,NIL,,,,,,,,,
LM-0001.091,Layer Mapping Table,Drawn_STD_ROM_GF_JD,Layer,37,39,NIL,NIL,,,,,,,,,,,,,
LM-0001.091,Layer Mapping Table,Drawn_SRAM_ATV0_Generic,Layer,256,297,NIL,NIL,,,,,,,,,,,,,
LM-0001.091,Layer Mapping Table,Drawn_SLMOUTLINE_Generic,Layer,199,39,NIL,NIL,,,,,,,,,,,,,
LM-0001.091,Layer Mapping Table,Drawn_SAB_SPE_Generic,Layer,49,30,NIL,NIL,,,,,,,,,,,,,
LM-0001.091,Layer Mapping Table,Drawn_SAB_NBNOPC_Generic,Layer,49,31,NIL,NIL,,,,,,,,,,,,,
LM-0001.091,Layer Mapping Table,Drawn_SAB_Label_Generic,Layer,49,10,NIL,NIL,NIL,NIL,NIL,NIL,,,,,,,,,
LM-0001.091,Layer Mapping Table,Drawn_SAB_Dummy_Generic,Layer,49,4,NIL,NIL,,,,,,,,,,,,,
LM-0001.091,Layer Mapping Table,Drawn_SAB_CD_Generic,Layer,49,32,NIL,NIL,,,,,,,,,,,,,
LM-0001.091,Layer Mapping Table,Drawn_Resistor_NBNOPC_Generic,Layer,62,31,NIL,NIL,,,,,,,,,,,,,
LM-0001.091,Layer Mapping Table,Drawn_Resistor_Label_Generic,Layer,62,10,NIL,NIL,NIL,NIL,NIL,NIL,,,,,,,,,
LM-0001.091,Layer Mapping Table,Drawn_Resistor_CD_Generic,Layer,62,32,NIL,NIL,,,,,,,,,,,,,
LM-0001.091,Layer Mapping Table,Drawn_RONO_NBNOPC_Generic,Layer,200,31,NIL,NIL,,,,,,,,,,,,,
LM-0001.091,Layer Mapping Table,Drawn_RONO_Label_Generic,Layer,200,10,NIL,NIL,NIL,NIL,NIL,NIL,,,,,,,,,
LM-0001.091,Layer Mapping Table,Drawn_RDL_FILL_Generic,Layer,74,1,NIL,NIL,,,,,,,,,,,,,
LM-0001.091,Layer Mapping Table,Drawn_Pwell_Label_Generic,Layer,43,10,NIL,NIL,,,,,,,,,,,,,
LM-0001.091,Layer Mapping Table,Drawn_Prime_Area_Marking_Generic,Layer,1000,31,NIL,NIL,,,,,,,,,,,,,
LM-0001.091,Layer Mapping Table,Drawn_PreDope_SPE_Generic,Layer,85,30,NIL,NIL,,,,,,,,,,,,,
LM-0001.091,Layer Mapping Table,Drawn_PreDope_NBNOPC_Generic,Layer,85,31,NIL,NIL,,,,,,,,,,,,,
LM-0001.091,Layer Mapping Table,Drawn_PreDope_Label_Generic,Layer,85,10,NIL,NIL,NIL,NIL,NIL,NIL,,,,,,,,,
LM-0001.091,Layer Mapping Table,Drawn_PreDope_Dummy_Generic,Layer,85,4,NIL,NIL,,,,,,,,,,,,,
LM-0001.091,Layer Mapping Table,Drawn_PreDope_CD_Generic,Layer,85,32,NIL,NIL,,,,,,,,,,,,,
LM-0001.091,Layer Mapping Table,Drawn_Pplus_SPE_Generic,Layer,31,30,NIL,NIL,,,,,,,,,,,,,
LM-0001.091,Layer Mapping Table,Drawn_Pplus_NBNOPC_Generic,Layer,31,31,NIL,NIL,,,,,,,,,,,,,
LM-0001.091,Layer Mapping Table,Drawn_Pplus_Label_Generic,Layer,31,10,NIL,NIL,NIL,NIL,NIL,NIL,,,,,,,,,
LM-0001.091,Layer Mapping Table,Drawn_Pplus_Dummy_Generic,Layer,31,4,NIL,NIL,,,,,,,,,,,,,
LM-0001.091,Layer Mapping Table,Drawn_Pplus_CD_Generic,Layer,31,32,NIL,NIL,,,,,,,,,,,,,
LM-0001.091,Layer Mapping Table,Drawn_PplusRes_Blk_Label_Generic,Layer,74,10,NIL,NIL,,,,,,,,,,,,,
LM-0001.091,Layer Mapping Table,Drawn_PplusRes_Blk_Dummy_Generic,Layer,74,4,NIL,NIL,,,,,,,,,,,,,
LM-0001.091,Layer Mapping Table,Drawn_PolyPwell2_Label_Generic,Layer,77,39,NIL,NIL,,,,,,,,,,,,,
LM-0001.091,Layer Mapping Table,Drawn_PolyPwell1_Label_Generic,Layer,76,39,NIL,NIL,,,,,,,,,,,,,
LM-0001.091,Layer Mapping Table,Drawn_Poly3_SPE_Generic,Layer,45,30,NIL,NIL,,,,,,,,,,,,,
LM-0001.091,Layer Mapping Table,Drawn_Poly3_NBNOPC_Generic,Layer,45,31,NIL,NIL,,,,,,,,,,,,,
LM-0001.091,Layer Mapping Table,Drawn_Poly3_Label_Generic,Layer,45,10,NIL,NIL,NIL,NIL,NIL,NIL,,,,,,,,,
LM-0001.091,Layer Mapping Table,Drawn_Poly3_Dummy_Generic,Layer,45,4,NIL,NIL,,,,,,,,,,,,,
LM-0001.091,Layer Mapping Table,Drawn_Poly3_CD_Generic,Layer,45,32,NIL,NIL,,,,,,,,,,,,,
LM-0001.091,Layer Mapping Table,Drawn_Poly2_SPE_Generic,Layer,30,30,NIL,NIL,,,,,,,,,,,,,
LM-0001.091,Layer Mapping Table,Drawn_Poly2_NBNOPC_Generic,Layer,30,31,NIL,NIL,,,,,,,,,,,,,
LM-0001.091,Layer Mapping Table,Drawn_Poly2_Label_Generic,Layer,30,10,NIL,NIL,NIL,NIL,NIL,NIL,,,,,,,,,
LM-0001.091,Layer Mapping Table,Drawn_Poly2_Dummy_Generic,Layer,30,4,NIL,NIL,NIL,NIL,NIL,NIL,,,,,,,,,
LM-0001.091,Layer Mapping Table,Drawn_Poly2_CD_Generic,Layer,30,32,NIL,NIL,,,,,,,,,,,,,
LM-0001.091,Layer Mapping Table,Drawn_Poly1_SPE_Generic,Layer,28,30,NIL,NIL,,,,,,,,,,,,,
LM-0001.091,Layer Mapping Table,Drawn_Poly1_NBNOPC_Generic,Layer,28,31,NIL,NIL,,,,,,,,,,,,,
LM-0001.091,Layer Mapping Table,Drawn_Poly1_Label_Generic,Layer,28,10,NIL,NIL,NIL,NIL,NIL,NIL,,,,,,,,,
LM-0001.091,Layer Mapping Table,Drawn_Poly1_Dummy_Generic,Layer,28,4,NIL,NIL,,,,,,,,,,,,,
LM-0001.091,Layer Mapping Table,Drawn_Poly1_CD_Generic,Layer,28,32,NIL,NIL,,,,,,,,,,,,,
LM-0001.091,Layer Mapping Table,Drawn_Phaseshift_Blk_Generic,Layer,162,0,NIL,NIL,,,,,,,,,,,,,
LM-0001.091,Layer Mapping Table,Drawn_Pcomp_Generic,Layer,2,0,NIL,NIL,NIL,NIL,NIL,NIL,,,,,,,,,
LM-0001.091,Layer Mapping Table,Drawn_Pad_SPE_Generic,Layer,37,30,NIL,NIL,,,,,,,,,,,,,
LM-0001.091,Layer Mapping Table,Drawn_Pad_NBNOPC_Generic,Layer,37,31,NIL,NIL,,,,,,,,,,,,,
LM-0001.091,Layer Mapping Table,Drawn_Pad_Label_Generic,Layer,37,10,NIL,NIL,NIL,NIL,NIL,NIL,,,,,,,,,
LM-0001.091,Layer Mapping Table,Drawn_Pad_Dummy_Generic,Layer,37,4,NIL,NIL,,,,,,,,,,,,,
LM-0001.091,Layer Mapping Table,Drawn_Pad_CD_Generic,Layer,37,32,NIL,NIL,,,,,,,,,,,,,
LM-0001.091,Layer Mapping Table,Drawn_Pad2_SPE_Generic,Layer,71,30,NIL,NIL,,,,,,,,,,,,,
LM-0001.091,Layer Mapping Table,Drawn_Pad2_NBNOPC_Generic,Layer,71,31,NIL,NIL,,,,,,,,,,,,,
LM-0001.091,Layer Mapping Table,Drawn_Pad2_Label_Generic,Layer,71,10,NIL,NIL,NIL,NIL,NIL,NIL,,,,,,,,,
LM-0001.091,Layer Mapping Table,Drawn_Pad2_Dummy_Generic,Layer,71,4,NIL,NIL,,,,,,,,,,,,,
LM-0001.091,Layer Mapping Table,Drawn_Pad2_CD_Generic,Layer,71,32,NIL,NIL,,,,,,,,,,,,,
LM-0001.091,Layer Mapping Table,Drawn_P_PTHROU_Label_Generic,Layer,234,10,NIL,NIL,NIL,NIL,NIL,NIL,,,,,,,,,
LM-0001.091,Layer Mapping Table,Drawn_PW_NAT_Label_Generic,Layer,164,10,NIL,NIL,NIL,NIL,NIL,NIL,,,,,,,,,
LM-0001.091,Layer Mapping Table,Drawn_PWHV_SPE_Generic,Layer,44,30,NIL,NIL,,,,,,,,,,,,,
LM-0001.091,Layer Mapping Table,Drawn_PWHV_NBNOPC_Generic,Layer,44,31,NIL,NIL,,,,,,,,,,,,,
LM-0001.091,Layer Mapping Table,Drawn_PWHV_Label_Generic,Layer,44,10,NIL,NIL,NIL,NIL,NIL,NIL,,,,,,,,,
LM-0001.091,Layer Mapping Table,Drawn_PWHV_Dummy_Generic,Layer,44,4,NIL,NIL,,,,,,,,,,,,,
LM-0001.091,Layer Mapping Table,Drawn_PWHV_D_Generic,Layer,21,39,NIL,NIL,NIL,NIL,NIL,NIL,,,,,,,,,
LM-0001.091,Layer Mapping Table,Drawn_PWHV_CD_Generic,Layer,44,32,NIL,NIL,,,,,,,,,,,,,
LM-0001.091,Layer Mapping Table,Drawn_PWELL_BLK_CD,Layer,23,39,NIL,NIL,,,,,,,,,,,,,
LM-0001.091,Layer Mapping Table,Drawn_PWDMY_MTK_Generic,Layer,18,200,NIL,NIL,NIL,NIL,NIL,NIL,,,,,,,,,
LM-0001.091,Layer Mapping Table,Drawn_PVT_SPE_Generic,Layer,20,30,NIL,NIL,,,,,,,,,,,,,
LM-0001.091,Layer Mapping Table,Drawn_PVT_NBNOPC_Generic,Layer,20,31,NIL,NIL,,,,,,,,,,,,,
LM-0001.091,Layer Mapping Table,Drawn_PVT_Label_Generic,Layer,20,10,NIL,NIL,NIL,NIL,NIL,NIL,,,,,,,,,
LM-0001.091,Layer Mapping Table,Drawn_PVT_Dummy_Generic,Layer,20,4,NIL,NIL,,,,,,,,,,,,,
LM-0001.091,Layer Mapping Table,Drawn_PVT_CD_Generic,Layer,20,32,NIL,NIL,,,,,,,,,,,,,
LM-0001.091,Layer Mapping Table,Drawn_PROTECT_JD,Layer,102,18,NIL,NIL,NIL,NIL,NIL,NIL,,,,,,,,,
LM-0001.091,Layer Mapping Table,Drawn_PRES_JD,Layer,12,201,NIL,NIL,NIL,NIL,NIL,NIL,,,,,,,,,
LM-0001.091,Layer Mapping Table,Drawn_PRESI_Label_Generic,Layer,83,10,NIL,NIL,NIL,NIL,NIL,NIL,,,,,,,,,
LM-0001.091,Layer Mapping Table,Drawn_PPWELL_Generic,Layer,236,0,NIL,NIL,NIL,NIL,NIL,NIL,,,,,,,,,
LM-0001.091,Layer Mapping Table,Drawn_PPROTECT_Generic,Layer,47,39,NIL,NIL,,,,,,,,,,,,,
LM-0001.091,Layer Mapping Table,Drawn_POLYMEM_NBNOPC_Generic,Layer,16,31,NIL,NIL,,,,,,,,,,,,,
LM-0001.091,Layer Mapping Table,Drawn_POLYMEM_Label_Generic,Layer,16,10,NIL,NIL,,,,,,,,,,,,,
LM-0001.091,Layer Mapping Table,Drawn_POLYMEM_Dummy_Generic,Layer,16,4,NIL,NIL,,,,,,,,,,,,,
LM-0001.091,Layer Mapping Table,Drawn_POLYFUSE_Label_Generic,Layer,220,10,NIL,NIL,NIL,NIL,NIL,NIL,,,,,,,,,
LM-0001.091,Layer Mapping Table,Drawn_POLYCON_Label_Generic,Layer,194,10,NIL,NIL,,,,,,,,,,,,,
LM-0001.091,Layer Mapping Table,Drawn_PM2_PPI_Generic,Layer,27,39,NIL,NIL,,,,,,,,,,,,,
LM-0001.091,Layer Mapping Table,Drawn_PM1_PPI_Generic,Layer,26,39,NIL,NIL,,,,,,,,,,,,,
LM-0001.091,Layer Mapping Table,Drawn_PM1_BOP_Generic,Layer,35,39,NIL,NIL,,,,,,,,,,,,,
LM-0001.091,Layer Mapping Table,Drawn_PLDBODY_Label_Generic,Layer,74,39,NIL,NIL,,,,,,,,,,,,,
LM-0001.091,Layer Mapping Table,Drawn_PLDBODY2_Label_Generic,Layer,93,39,NIL,NIL,,,,,,,,,,,,,
LM-0001.091,Layer Mapping Table,Drawn_PISODEVICE_Label_Generic,Layer,62,39,NIL,NIL,,,,,,,,,,,,,
LM-0001.091,Layer Mapping Table,Drawn_PISCAP_Label_Generic,Layer,120,10,NIL,NIL,NIL,NIL,NIL,NIL,,,,,,,,,
LM-0001.091,Layer Mapping Table,Drawn_PIB_Label_Generic,Layer,50,10,NIL,NIL,NIL,NIL,NIL,NIL,,,,,,,,,
LM-0001.091,Layer Mapping Table,Drawn_PField_SPE_Generic,Layer,23,30,NIL,NIL,,,,,,,,,,,,,
LM-0001.091,Layer Mapping Table,Drawn_PField_NBNOPC_Generic,Layer,23,31,NIL,NIL,,,,,,,,,,,,,
LM-0001.091,Layer Mapping Table,Drawn_PField_Label_Generic,Layer,23,10,NIL,NIL,NIL,NIL,NIL,NIL,,,,,,,,,
LM-0001.091,Layer Mapping Table,Drawn_PField_Dummy_Generic,Layer,23,4,NIL,NIL,,,,,,,,,,,,,
LM-0001.091,Layer Mapping Table,Drawn_PField_CD_Generic,Layer,23,32,NIL,NIL,,,,,,,,,,,,,
LM-0001.091,Layer Mapping Table,Drawn_PF1VA_SPE_Generic,Layer,149,30,NIL,NIL,,,,,,,,,,,,,
LM-0001.091,Layer Mapping Table,Drawn_PF1VA_NBNOPC_Generic,Layer,149,31,NIL,NIL,,,,,,,,,,,,,
LM-0001.091,Layer Mapping Table,Drawn_PF1VA_Label_Generic,Layer,149,10,NIL,NIL,NIL,NIL,NIL,NIL,,,,,,,,,
LM-0001.091,Layer Mapping Table,Drawn_PF1VA_Dummy_Generic,Layer,149,4,NIL,NIL,,,,,,,,,,,,,
LM-0001.091,Layer Mapping Table,Drawn_PF1VA_CD_Generic,Layer,149,32,NIL,NIL,,,,,,,,,,,,,
LM-0001.091,Layer Mapping Table,Drawn_PBO1_Generic,Layer,253,74,NIL,NIL,,,,,,,,,,,,,
LM-0001.091,Layer Mapping Table,Drawn_PAD_ALI_Generic,Layer,171,1,NIL,NIL,NIL,NIL,NIL,NIL,,,,,,,,,
LM-0001.091,Layer Mapping Table,Drawn_P1SLIT_Generic,Layer,49,39,NIL,NIL,,,,,,,,,,,,,
LM-0001.091,Layer Mapping Table,Drawn_OTPGate_Label_Generic,Layer,225,10,NIL,NIL,NIL,NIL,NIL,NIL,,,,,,,,,
LM-0001.091,Layer Mapping Table,Drawn_Nwell_SPE_Generic,Layer,21,30,NIL,NIL,,,,,,,,,,,,,
LM-0001.091,Layer Mapping Table,Drawn_Nwell_NBNOPC_Generic,Layer,21,31,NIL,NIL,,,,,,,,,,,,,
LM-0001.091,Layer Mapping Table,Drawn_Nwell_Label_Generic,Layer,21,10,NIL,NIL,NIL,NIL,NIL,NIL,,,,,,,,,
LM-0001.091,Layer Mapping Table,Drawn_Nwell_Dummy_Generic,Layer,21,4,NIL,NIL,,,,,,,,,,,,,
LM-0001.091,Layer Mapping Table,Drawn_Nwell_CD_Generic,Layer,21,32,NIL,NIL,,,,,,,,,,,,,
LM-0001.091,Layer Mapping Table,Drawn_Nplus_SPE_Generic,Layer,32,30,NIL,NIL,,,,,,,,,,,,,
LM-0001.091,Layer Mapping Table,Drawn_Nplus_NBNOPC_Generic,Layer,32,31,NIL,NIL,,,,,,,,,,,,,
LM-0001.091,Layer Mapping Table,Drawn_Nplus_Label_Generic,Layer,32,10,NIL,NIL,NIL,NIL,NIL,NIL,,,,,,,,,
LM-0001.091,Layer Mapping Table,Drawn_Nplus_Dummy_Generic,Layer,32,4,NIL,NIL,,,,,,,,,,,,,
LM-0001.091,Layer Mapping Table,Drawn_Nplus_CD_Generic,Layer,32,32,NIL,NIL,,,,,,,,,,,,,
LM-0001.091,Layer Mapping Table,Drawn_Ncomp_Generic,Layer,3,0,NIL,NIL,NIL,NIL,NIL,NIL,,,,,,,,,
LM-0001.091,Layer Mapping Table,Drawn_Ncap_Label_Generic,Layer,39,10,NIL,NIL,NIL,NIL,NIL,NIL,,,,,,,,,
LM-0001.091,Layer Mapping Table,Drawn_NWHV_NBNOPC_Generic,Layer,201,31,NIL,NIL,,,,,,,,,,,,,
LM-0001.091,Layer Mapping Table,Drawn_NWHV_Label_Generic,Layer,201,10,NIL,NIL,NIL,NIL,NIL,NIL,,,,,,,,,
LM-0001.091,Layer Mapping Table,Drawn_NW1A_SPE_Generic,Layer,148,30,NIL,NIL,,,,,,,,,,,,,
LM-0001.091,Layer Mapping Table,Drawn_NW1A_NBNOPC_Generic,Layer,148,31,NIL,NIL,,,,,,,,,,,,,
LM-0001.091,Layer Mapping Table,Drawn_NW1A_Label_Generic,Layer,148,10,NIL,NIL,NIL,NIL,NIL,NIL,,,,,,,,,
LM-0001.091,Layer Mapping Table,Drawn_NW1A_Dummy_Generic,Layer,148,4,NIL,NIL,,,,,,,,,,,,,
LM-0001.091,Layer Mapping Table,Drawn_NW1A_CD_Generic,Layer,148,32,NIL,NIL,,,,,,,,,,,,,
LM-0001.091,Layer Mapping Table,Drawn_NVT_Label_Generic,Layer,19,10,NIL,NIL,NIL,NIL,NIL,NIL,,,,,,,,,
LM-0001.091,Layer Mapping Table,Drawn_NSinker_Label_Generic,Layer,122,10,NIL,NIL,,,,,,,,,,,,,
LM-0001.091,Layer Mapping Table,Drawn_NSC_Dualgate_Generic,Layer,45,39,NIL,NIL,,,,,,,,,,,,,
LM-0001.091,Layer Mapping Table,Drawn_NRES_Generic,Layer,200,50,NIL,NIL,NIL,NIL,NIL,NIL,,,,,,,,,
LM-0001.091,Layer Mapping Table,Drawn_NRESI_Label_Generic,Layer,172,10,NIL,NIL,NIL,NIL,NIL,NIL,,,,,,,,,
LM-0001.091,Layer Mapping Table,Drawn_NOLDD_Generic,Layer,46,39,NIL,NIL,,,,,,,,,,,,,
LM-0001.091,Layer Mapping Table,Drawn_NOHALO_Generic,Layer,12,114,NIL,NIL,,,,,,,,,,,,,
LM-0001.091,Layer Mapping Table,Drawn_NLDBODY_Label_Generic,Layer,75,39,NIL,NIL,,,,,,,,,,,,,
LM-0001.091,Layer Mapping Table,Drawn_NLDBODY2_Label_Generic,Layer,94,39,NIL,NIL,,,,,,,,,,,,,
LM-0001.091,Layer Mapping Table,Drawn_NH_Label_Generic,Layer,96,39,NIL,NIL,,,,,,,,,,,,,
LM-0001.091,Layer Mapping Table,Drawn_NDVT_Label_Generic,Layer,247,10,NIL,NIL,NIL,NIL,NIL,NIL,,,,,,,,,
LM-0001.091,Layer Mapping Table,Drawn_NAT_Generic,Layer,5,0,NIL,NIL,NIL,NIL,NIL,NIL,,,,,,,,,
LM-0001.091,Layer Mapping Table,Drawn_MetalTop_Slot_Generic,Layer,53,3,NIL,NIL,NIL,NIL,NIL,NIL,,,,,,,,,
LM-0001.091,Layer Mapping Table,Drawn_MetalTop_NBNOPC_Generic,Layer,53,31,NIL,NIL,,,,,,,,,,,,,
LM-0001.091,Layer Mapping Table,Drawn_MetalTop_Label_Generic,Layer,53,10,NIL,NIL,NIL,NIL,NIL,NIL,,,,,,,,,
LM-0001.091,Layer Mapping Table,Drawn_MetalTop_Dummy_Generic,Layer,53,4,NIL,NIL,NIL,NIL,NIL,NIL,,,,,,,,,
LM-0001.091,Layer Mapping Table,Drawn_MetalTop_CD_Generic,Layer,53,32,NIL,NIL,,,,,,,,,,,,,
LM-0001.091,Layer Mapping Table,Drawn_MetalRDL_Label_Generic,Layer,171,10,NIL,NIL,NIL,NIL,NIL,NIL,,,,,,,,,
LM-0001.091,Layer Mapping Table,Drawn_Metal9_Label_Generic,Layer,170,39,NIL,NIL,,,,,,,,,,,,,
LM-0001.091,Layer Mapping Table,Drawn_Metal9_Dummy_Generic,Layer,172,39,NIL,NIL,,,,,,,,,,,,,
LM-0001.091,Layer Mapping Table,Drawn_Metal8_Slot_Generic,Layer,139,3,NIL,NIL,NIL,NIL,NIL,NIL,,,,,,,,,
LM-0001.091,Layer Mapping Table,Drawn_Metal8_Label_Generic,Layer,139,10,NIL,NIL,NIL,NIL,NIL,NIL,,,,,,,,,
LM-0001.091,Layer Mapping Table,Drawn_Metal8_Dummy_Generic,Layer,139,4,NIL,NIL,NIL,NIL,NIL,NIL,,,,,,,,,
LM-0001.091,Layer Mapping Table,Drawn_Metal7_Slot_Generic,Layer,128,3,NIL,NIL,NIL,NIL,NIL,NIL,,,,,,,,,
LM-0001.091,Layer Mapping Table,Drawn_Metal7_Label_Generic,Layer,128,10,NIL,NIL,NIL,NIL,NIL,NIL,,,,,,,,,
LM-0001.091,Layer Mapping Table,Drawn_Metal7_Dummy_Generic,Layer,128,4,NIL,NIL,NIL,NIL,NIL,NIL,,,,,,,,,
LM-0001.091,Layer Mapping Table,Drawn_Metal6_Slot_Generic,Layer,126,3,NIL,NIL,NIL,NIL,NIL,NIL,,,,,,,,,
LM-0001.091,Layer Mapping Table,Drawn_Metal6_Label_Generic,Layer,126,10,NIL,NIL,NIL,NIL,NIL,NIL,,,,,,,,,
LM-0001.091,Layer Mapping Table,Drawn_Metal6_Dummy_Generic,Layer,126,4,NIL,NIL,NIL,NIL,NIL,NIL,,,,,,,,,
LM-0001.091,Layer Mapping Table,Drawn_Metal5_Slot_Generic,Layer,81,3,NIL,NIL,NIL,NIL,NIL,NIL,,,,,,,,,
LM-0001.091,Layer Mapping Table,Drawn_Metal5_NBNOPC_Generic,Layer,81,31,NIL,NIL,,,,,,,,,,,,,
LM-0001.091,Layer Mapping Table,Drawn_Metal5_Label_Generic,Layer,81,10,NIL,NIL,NIL,NIL,NIL,NIL,,,,,,,,,
LM-0001.091,Layer Mapping Table,Drawn_Metal5_Dummy_Generic,Layer,81,4,NIL,NIL,NIL,NIL,NIL,NIL,,,,,,,,,
LM-0001.091,Layer Mapping Table,Drawn_Metal4_Slot_Generic,Layer,46,3,NIL,NIL,NIL,NIL,NIL,NIL,,,,,,,,,
LM-0001.091,Layer Mapping Table,Drawn_Metal4_SPE_Generic,Layer,46,30,NIL,NIL,,,,,,,,,,,,,
LM-0001.091,Layer Mapping Table,Drawn_Metal4_NBNOPC_Generic,Layer,46,31,NIL,NIL,,,,,,,,,,,,,
LM-0001.091,Layer Mapping Table,Drawn_Metal4_Label_Generic,Layer,46,10,NIL,NIL,NIL,NIL,NIL,NIL,,,,,,,,,
LM-0001.091,Layer Mapping Table,Drawn_Metal4_Dummy_Generic,Layer,46,4,NIL,NIL,NIL,NIL,NIL,NIL,,,,,,,,,
LM-0001.091,Layer Mapping Table,Drawn_Metal4_CD_Generic,Layer,46,32,NIL,NIL,,,,,,,,,,,,,
LM-0001.091,Layer Mapping Table,Drawn_Metal3_Slot_Generic,Layer,42,3,NIL,NIL,NIL,NIL,NIL,NIL,,,,,,,,,
LM-0001.091,Layer Mapping Table,Drawn_Metal3_SPE_Generic,Layer,42,30,NIL,NIL,,,,,,,,,,,,,
LM-0001.091,Layer Mapping Table,Drawn_Metal3_NBNOPC_Generic,Layer,42,31,NIL,NIL,,,,,,,,,,,,,
LM-0001.091,Layer Mapping Table,Drawn_Metal3_Label_Generic,Layer,42,10,NIL,NIL,NIL,NIL,NIL,NIL,,,,,,,,,
LM-0001.091,Layer Mapping Table,Drawn_Metal3_Dummy_Generic,Layer,42,4,NIL,NIL,NIL,NIL,NIL,NIL,,,,,,,,,
LM-0001.091,Layer Mapping Table,Drawn_Metal3_CD_Generic,Layer,42,32,NIL,NIL,,,,,,,,,,,,,
LM-0001.091,Layer Mapping Table,Drawn_Metal2_Slot_Generic,Layer,36,3,NIL,NIL,NIL,NIL,NIL,NIL,,,,,,,,,
LM-0001.091,Layer Mapping Table,Drawn_Metal2_SPE_Generic,Layer,36,30,NIL,NIL,,,,,,,,,,,,,
LM-0001.091,Layer Mapping Table,Drawn_Metal2_NBNOPC_Generic,Layer,36,31,NIL,NIL,,,,,,,,,,,,,
LM-0001.091,Layer Mapping Table,Drawn_Metal2_Label_Generic,Layer,36,10,NIL,NIL,NIL,NIL,NIL,NIL,,,,,,,,,
LM-0001.091,Layer Mapping Table,Drawn_Metal2_Dummy_Generic,Layer,36,4,NIL,NIL,NIL,NIL,NIL,NIL,,,,,,,,,
LM-0001.091,Layer Mapping Table,Drawn_Metal2_CD_Generic,Layer,36,32,NIL,NIL,,,,,,,,,,,,,
LM-0001.091,Layer Mapping Table,Drawn_Metal1_Slot_Generic,Layer,34,3,NIL,NIL,NIL,NIL,NIL,NIL,,,,,,,,,
LM-0001.091,Layer Mapping Table,Drawn_Metal1_SPE_Generic,Layer,34,30,NIL,NIL,,,,,,,,,,,,,
LM-0001.091,Layer Mapping Table,Drawn_Metal1_OPC_dg_Generic,Layer,34,1,NIL,NIL,NIL,NIL,NIL,NIL,,,,,,,,,
LM-0001.091,Layer Mapping Table,Drawn_Metal1_NBNOPC_Generic,Layer,34,31,NIL,NIL,,,,,,,,,,,,,
LM-0001.091,Layer Mapping Table,Drawn_Metal1_Label_Generic,Layer,34,10,NIL,NIL,NIL,NIL,NIL,NIL,,,,,,,,,
LM-0001.091,Layer Mapping Table,Drawn_Metal1_Dummy_Generic,Layer,34,4,NIL,NIL,NIL,NIL,NIL,NIL,,,,,,,,,
LM-0001.091,Layer Mapping Table,Drawn_Metal1_CD_Generic,Layer,34,32,NIL,NIL,,,,,,,,,,,,,
LM-0001.091,Layer Mapping Table,Drawn_MVSD_Generic,Layer,210,0,NIL,NIL,NIL,NIL,NIL,NIL,,,,,,,,,
LM-0001.091,Layer Mapping Table,Drawn_MVPVT_NBNOPC_Generic,Layer,206,31,NIL,NIL,,,,,,,,,,,,,
LM-0001.091,Layer Mapping Table,Drawn_MVPVT_Label_Generic,Layer,206,10,NIL,NIL,NIL,NIL,NIL,NIL,,,,,,,,,
LM-0001.091,Layer Mapping Table,Drawn_MVPVT_CD_Generic,Layer,206,32,NIL,NIL,,,,,,,,,,,,,
LM-0001.091,Layer Mapping Table,Drawn_MVPSD_Generic,Layer,11,39,NIL,NIL,NIL,NIL,NIL,NIL,,,,,,,,,
LM-0001.091,Layer Mapping Table,Drawn_MVNVT_NBNOPC_Generic,Layer,205,31,NIL,NIL,,,,,,,,,,,,,
LM-0001.091,Layer Mapping Table,Drawn_MVNVT_Label_Generic,Layer,205,10,NIL,NIL,NIL,NIL,NIL,NIL,,,,,,,,,
LM-0001.091,Layer Mapping Table,Drawn_MVNDMY_Generic,Layer,180,204,NIL,NIL,NIL,NIL,NIL,NIL,,,,,,,,,
LM-0001.091,Layer Mapping Table,Drawn_MTP_EL_MK_Generic,Layer,247,39,NIL,NIL,NIL,NIL,NIL,NIL,,,,,,,,,
LM-0001.091,Layer Mapping Table,Drawn_MTPCELL2_Label_Generic,Layer,154,39,NIL,NIL,,,,,,,,,,,,,
LM-0001.091,Layer Mapping Table,Drawn_MTPCELL1_Label_Generic,Layer,153,39,NIL,NIL,,,,,,,,,,,,,
LM-0001.091,Layer Mapping Table,Drawn_MIM_ALIGN_NBNOPC_Generic,Layer,235,31,NIL,NIL,,,,,,,,,,,,,
LM-0001.091,Layer Mapping Table,Drawn_MIM_ALIGN_Label_Generic,Layer,235,10,NIL,NIL,NIL,NIL,NIL,NIL,,,,,,,,,
LM-0001.091,Layer Mapping Table,Drawn_MIM_ALIGN_CD_Generic,Layer,235,32,NIL,NIL,,,,,,,,,,,,,
LM-0001.091,Layer Mapping Table,Drawn_MIM_2p25fF_MK_Generic,Layer,232,39,NIL,NIL,,,,,,,,,,,,,
LM-0001.091,Layer Mapping Table,Drawn_METAL_UM3_Label_Generic,Layer,161,39,NIL,NIL,,,,,,,,,,,,,
LM-0001.091,Layer Mapping Table,Drawn_METAL_UM3_Dummy_Generic,Layer,162,39,NIL,NIL,,,,,,,,,,,,,
LM-0001.091,Layer Mapping Table,Drawn_METAL_STRAP_NBNOPC_Generic,Layer,52,154,NIL,NIL,,,,,,,,,,,,,
LM-0001.091,Layer Mapping Table,Drawn_METAL_STRAP_Label_Generic,Layer,146,39,NIL,NIL,,,,,,,,,,,,,
LM-0001.091,Layer Mapping Table,Drawn_METAL_STRAP_DUMMY_Generic,Layer,52,153,NIL,NIL,,,,,,,,,,,,,
LM-0001.091,Layer Mapping Table,Drawn_METAL_FL8_Label_Generic,Layer,171,39,NIL,NIL,,,,,,,,,,,,,
LM-0001.091,Layer Mapping Table,Drawn_METAL_FL4_Label_Generic,Layer,163,39,NIL,NIL,,,,,,,,,,,,,
LM-0001.091,Layer Mapping Table,Drawn_METAL_DOT_VIA_Label_Generic,Layer,148,39,NIL,NIL,,,,,,,,,,,,,
LM-0001.091,Layer Mapping Table,Drawn_METAL_DOT_Label_Generic,Layer,147,39,NIL,NIL,,,,,,,,,,,,,
LM-0001.091,Layer Mapping Table,Drawn_METAL_DOT_DUMMY_Generic,Layer,53,153,NIL,NIL,,,,,,,,,,,,,
LM-0001.091,Layer Mapping Table,Drawn_MEMW1_Label_Generic,Layer,72,39,NIL,NIL,,,,,,,,,,,,,
LM-0001.091,Layer Mapping Table,Drawn_MAGCORE_Label_Generic,Layer,166,39,NIL,NIL,,,,,,,,,,,,,
LM-0001.091,Layer Mapping Table,Drawn_Laser_Align_key_Generic,Layer,130,0,NIL,NIL,NIL,NIL,NIL,NIL,,,,,,,,,
LM-0001.091,Layer Mapping Table,Drawn_LVT_JD,Layer,87,0,NIL,NIL,NIL,NIL,NIL,NIL,,,,,,,,,
LM-0001.091,Layer Mapping Table,Drawn_LVS_HVS_Generic,Layer,200,200,NIL,NIL,,,,,,,,,,,,,
LM-0001.091,Layer Mapping Table,Drawn_LVPWELL_NBNOPC_Generic,Layer,204,31,NIL,NIL,,,,,,,,,,,,,
LM-0001.091,Layer Mapping Table,Drawn_LVPWELL_Label_Generic,Layer,204,10,NIL,NIL,NIL,NIL,NIL,NIL,,,,,,,,,
LM-0001.091,Layer Mapping Table,Drawn_LVNwell_NBNOPC_Generic,Layer,58,31,NIL,NIL,,,,,,,,,,,,,
LM-0001.091,Layer Mapping Table,Drawn_LVNwell_Label_Generic,Layer,72,10,NIL,NIL,,,,,,,,,,,,,
LM-0001.091,Layer Mapping Table,Drawn_LVLDPSD_Generic,Layer,14,39,NIL,NIL,NIL,NIL,NIL,NIL,,,,,,,,,
LM-0001.091,Layer Mapping Table,Drawn_LVLDNSD_Generic,Layer,15,39,NIL,NIL,NIL,NIL,NIL,NIL,,,,,,,,,
LM-0001.091,Layer Mapping Table,Drawn_LVESD_Label_Generic,Layer,56,10,NIL,NIL,NIL,NIL,NIL,NIL,,,,,,,,,
LM-0001.091,Layer Mapping Table,Drawn_LPN_dg_Generic,Layer,9,1,NIL,NIL,NIL,NIL,NIL,NIL,,,,,,,,,
LM-0001.091,Layer Mapping Table,Drawn_LPN_Label_Generic,Layer,9,10,NIL,NIL,NIL,NIL,NIL,NIL,,,,,,,,,
LM-0001.091,Layer Mapping Table,Drawn_LNN_dg_Generic,Layer,87,1,NIL,NIL,NIL,NIL,NIL,NIL,,,,,,,,,
LM-0001.091,Layer Mapping Table,Drawn_LNN_Label_Generic,Layer,87,10,NIL,NIL,NIL,NIL,NIL,NIL,,,,,,,,,
LM-0001.091,Layer Mapping Table,Drawn_LI_NBNOPC_Generic,Layer,17,31,NIL,NIL,,,,,,,,,,,,,
LM-0001.091,Layer Mapping Table,Drawn_LI_Label_Generic,Layer,17,10,NIL,NIL,NIL,NIL,NIL,NIL,,,,,,,,,
LM-0001.091,Layer Mapping Table,Drawn_LDMOS_XTOR_Generic,Layer,226,0,NIL,NIL,NIL,NIL,NIL,NIL,,,,,,,,,
LM-0001.091,Layer Mapping Table,Drawn_LASER_ALIGN_Label_Generic,Layer,95,39,NIL,NIL,,,,,,,,,,,,,
LM-0001.091,Layer Mapping Table,Drawn_HVoxide_Label_Generic,Layer,51,10,NIL,NIL,NIL,NIL,NIL,NIL,,,,,,,,,
LM-0001.091,Layer Mapping Table,Drawn_HV_Generic,Layer,54,1,NIL,NIL,NIL,NIL,NIL,NIL,,,,,,,,,
LM-0001.091,Layer Mapping Table,Drawn_HVT_PLDD_SPE_Generic,Layer,189,30,NIL,NIL,,,,,,,,,,,,,
LM-0001.091,Layer Mapping Table,Drawn_HVT_PLDD_NBNOPC_Generic,Layer,189,31,NIL,NIL,,,,,,,,,,,,,
LM-0001.091,Layer Mapping Table,Drawn_HVT_PLDD_Label_Generic,Layer,189,10,NIL,NIL,NIL,NIL,NIL,NIL,,,,,,,,,
LM-0001.091,Layer Mapping Table,Drawn_HVT_PLDD_Dummy_Generic,Layer,189,4,NIL,NIL,,,,,,,,,,,,,
LM-0001.091,Layer Mapping Table,Drawn_HVT_PLDD_CD_Generic,Layer,189,32,NIL,NIL,,,,,,,,,,,,,
LM-0001.091,Layer Mapping Table,Drawn_HVT_NLDD_SPE_Generic,Layer,188,30,NIL,NIL,,,,,,,,,,,,,
LM-0001.091,Layer Mapping Table,Drawn_HVT_NLDD_NBNOPC_Generic,Layer,188,31,NIL,NIL,,,,,,,,,,,,,
LM-0001.091,Layer Mapping Table,Drawn_HVT_NLDD_Label_Generic,Layer,188,10,NIL,NIL,NIL,NIL,NIL,NIL,,,,,,,,,
LM-0001.091,Layer Mapping Table,Drawn_HVT_NLDD_Dummy_Generic,Layer,188,4,NIL,NIL,,,,,,,,,,,,,
LM-0001.091,Layer Mapping Table,Drawn_HVT_NLDD_CD_Generic,Layer,188,32,NIL,NIL,,,,,,,,,,,,,
LM-0001.091,Layer Mapping Table,Drawn_HVT_Generic,Layer,187,0,NIL,NIL,NIL,NIL,NIL,NIL,,,,,,,,,
LM-0001.091,Layer Mapping Table,Drawn_HVP_SPE_Generic,Layer,54,30,NIL,NIL,,,,,,,,,,,,,
LM-0001.091,Layer Mapping Table,Drawn_HVP_NBNOPC_Generic,Layer,54,31,NIL,NIL,,,,,,,,,,,,,
LM-0001.091,Layer Mapping Table,Drawn_HVP_Label_Generic,Layer,54,10,NIL,NIL,NIL,NIL,NIL,NIL,,,,,,,,,
LM-0001.091,Layer Mapping Table,Drawn_HVP_Dummy_Generic,Layer,54,4,NIL,NIL,,,,,,,,,,,,,
LM-0001.091,Layer Mapping Table,Drawn_HVP_CD_Generic,Layer,54,32,NIL,NIL,,,,,,,,,,,,,
LM-0001.091,Layer Mapping Table,Drawn_HVPVT_SPE_Generic,Layer,208,30,NIL,NIL,,,,,,,,,,,,,
LM-0001.091,Layer Mapping Table,Drawn_HVPVT_NBNOPC_Generic,Layer,208,31,NIL,NIL,,,,,,,,,,,,,
LM-0001.091,Layer Mapping Table,Drawn_HVPVT_Label_Generic,Layer,208,10,NIL,NIL,NIL,NIL,NIL,NIL,,,,,,,,,
LM-0001.091,Layer Mapping Table,Drawn_HVPVT_Dummy_Generic,Layer,208,4,NIL,NIL,,,,,,,,,,,,,
LM-0001.091,Layer Mapping Table,Drawn_HVPVT_CD_Generic,Layer,208,32,NIL,NIL,,,,,,,,,,,,,
LM-0001.091,Layer Mapping Table,Drawn_HVPDDD_Label_Generic,Layer,197,10,NIL,NIL,NIL,NIL,NIL,NIL,,,,,,,,,
LM-0001.091,Layer Mapping Table,Drawn_HVPDDD_D_Generic,Layer,34,39,NIL,NIL,,,,,,,,,,,,,
LM-0001.091,Layer Mapping Table,Drawn_HVOLFET_Generic,Layer,21,156,NIL,NIL,,,,,,,,,,,,,
LM-0001.091,Layer Mapping Table,Drawn_HVN_SPE_Generic,Layer,59,30,NIL,NIL,,,,,,,,,,,,,
LM-0001.091,Layer Mapping Table,Drawn_HVN_NBNOPC_Generic,Layer,59,31,NIL,NIL,,,,,,,,,,,,,
LM-0001.091,Layer Mapping Table,Drawn_HVN_Label_Generic,Layer,59,10,NIL,NIL,NIL,NIL,NIL,NIL,,,,,,,,,
LM-0001.091,Layer Mapping Table,Drawn_HVN_Dummy_Generic,Layer,59,4,NIL,NIL,,,,,,,,,,,,,
LM-0001.091,Layer Mapping Table,Drawn_HVN_CD_Generic,Layer,59,32,NIL,NIL,,,,,,,,,,,,,
LM-0001.091,Layer Mapping Table,Drawn_HVNWELL_Generic,Layer,22,39,NIL,NIL,NIL,NIL,NIL,NIL,,,,,,,,,
LM-0001.091,Layer Mapping Table,Drawn_HVNVT_Label_Generic,Layer,207,10,NIL,NIL,NIL,NIL,NIL,NIL,,,,,,,,,
LM-0001.091,Layer Mapping Table,Drawn_HVNDDD_NBNOPC_Generic,Layer,202,31,NIL,NIL,,,,,,,,,,,,,
LM-0001.091,Layer Mapping Table,Drawn_HVNDDD_Label_Generic,Layer,202,10,NIL,NIL,NIL,NIL,NIL,NIL,,,,,,,,,
LM-0001.091,Layer Mapping Table,Drawn_HVNDDD2_Label_Generic,Layer,85,39,NIL,NIL,,,,,,,,,,,,,
LM-0001.091,Layer Mapping Table,Drawn_HVLDPSD_Generic,Layer,12,39,NIL,NIL,NIL,NIL,NIL,NIL,,,,,,,,,
LM-0001.091,Layer Mapping Table,Drawn_HVLDNSD_Generic,Layer,13,39,NIL,NIL,NIL,NIL,NIL,NIL,,,,,,,,,
LM-0001.091,Layer Mapping Table,Drawn_HVGATE_Label_Generic,Layer,203,10,NIL,NIL,NIL,NIL,NIL,NIL,,,,,,,,,
LM-0001.091,Layer Mapping Table,Drawn_HVDNW_NBNOPC_Generic,Layer,14,31,NIL,NIL,,,,,,,,,,,,,
LM-0001.091,Layer Mapping Table,Drawn_HVDNW_Label_Generic,Layer,36,39,NIL,NIL,,,,,,,,,,,,,
LM-0001.091,Layer Mapping Table,Drawn_HVDNW_CD_Generic,Layer,14,32,NIL,NIL,,,,,,,,,,,,,
LM-0001.091,Layer Mapping Table,Drawn_HVDMY_LV_Generic,Layer,141,211,NIL,NIL,NIL,NIL,NIL,NIL,,,,,,,,,
LM-0001.091,Layer Mapping Table,Drawn_HVDMY_HV_Generic,Layer,141,212,NIL,NIL,NIL,NIL,NIL,NIL,,,,,,,,,
LM-0001.091,Layer Mapping Table,Drawn_HVDMY_9V_Generic,Layer,214,19,NIL,NIL,NIL,NIL,NIL,NIL,,,,,,,,,
LM-0001.091,Layer Mapping Table,Drawn_HPVT_PKT_Label_Generic,Layer,233,10,NIL,NIL,NIL,NIL,NIL,NIL,,,,,,,,,
LM-0001.091,Layer Mapping Table,Drawn_HNVT_PKT_Label_Generic,Layer,232,10,NIL,NIL,NIL,NIL,NIL,NIL,,,,,,,,,
LM-0001.091,Layer Mapping Table,Drawn_G_extsrot_Generic,Layer,60,0,NIL,NIL,,,,,,,,,,,,,
LM-0001.091,Layer Mapping Table,Drawn_FuseWindow_Label_Generic,Layer,96,10,NIL,NIL,NIL,NIL,NIL,NIL,,,,,,,,,
LM-0001.091,Layer Mapping Table,Drawn_FuseWindow_D_Generic,Layer,96,1,NIL,NIL,NIL,NIL,NIL,NIL,,,,,,,,,
LM-0001.091,Layer Mapping Table,Drawn_FuseTop_NBNOPC_Generic,Layer,75,31,NIL,NIL,,,,,,,,,,,,,
LM-0001.091,Layer Mapping Table,Drawn_FuseTop_Label_Generic,Layer,75,10,NIL,NIL,NIL,NIL,NIL,NIL,,,,,,,,,
LM-0001.091,Layer Mapping Table,Drawn_FuseTop_Dummy_Generic,Layer,75,4,NIL,NIL,NIL,NIL,NIL,NIL,,,,,,,,,
LM-0001.091,Layer Mapping Table,Drawn_FuseTop_CD_Generic,Layer,75,32,NIL,NIL,,,,,,,,,,,,,
LM-0001.091,Layer Mapping Table,Drawn_FuseTop2_Label_Generic,Layer,215,10,NIL,NIL,NIL,NIL,NIL,NIL,,,,,,,,,
LM-0001.091,Layer Mapping Table,Drawn_FuseBot_NBNOPC_Generic,Layer,138,31,NIL,NIL,,,,,,,,,,,,,
LM-0001.091,Layer Mapping Table,Drawn_FuseBot_Label_Generic,Layer,138,10,NIL,NIL,NIL,NIL,NIL,NIL,,,,,,,,,
LM-0001.091,Layer Mapping Table,Drawn_FuseBot_Dummy_Generic,Layer,138,4,NIL,NIL,NIL,NIL,NIL,NIL,,,,,,,,,
LM-0001.091,Layer Mapping Table,Drawn_FuseBot_CD_Generic,Layer,138,32,NIL,NIL,,,,,,,,,,,,,
LM-0001.091,Layer Mapping Table,Drawn_FHRES_Generic,Layer,227,0,NIL,NIL,NIL,NIL,NIL,NIL,,,,,,,,,
LM-0001.091,Layer Mapping Table,Drawn_ESD_STK_Generic,Layer,243,39,NIL,NIL,,,,,,,,,,,,,
LM-0001.091,Layer Mapping Table,Drawn_ESD_Label_Generic,Layer,24,10,NIL,NIL,NIL,NIL,NIL,NIL,,,,,,,,,
LM-0001.091,Layer Mapping Table,Drawn_EEHV_Generic,Layer,54,2,NIL,NIL,NIL,NIL,NIL,NIL,,,,,,,,,
LM-0001.091,Layer Mapping Table,Drawn_EDMOS_TOPOX_Label_Generic,Layer,155,39,NIL,NIL,,,,,,,,,,,,,
LM-0001.091,Layer Mapping Table,Drawn_EDMOS_RECESS_Label_Generic,Layer,156,39,NIL,NIL,,,,,,,,,,,,,
LM-0001.091,Layer Mapping Table,Drawn_Dualgate_SPE_Generic,Layer,55,30,NIL,NIL,,,,,,,,,,,,,
LM-0001.091,Layer Mapping Table,Drawn_Dualgate_NBNOPC_Generic,Layer,55,31,NIL,NIL,,,,,,,,,,,,,
LM-0001.091,Layer Mapping Table,Drawn_Dualgate_Dummy_Generic,Layer,55,4,NIL,NIL,,,,,,,,,,,,,
LM-0001.091,Layer Mapping Table,Drawn_Dualgate_CD_Generic,Layer,55,32,NIL,NIL,,,,,,,,,,,,,
LM-0001.091,Layer Mapping Table,Drawn_DualGate_Label_Generic,Layer,55,10,NIL,NIL,NIL,NIL,NIL,NIL,,,,,,,,,
LM-0001.091,Layer Mapping Table,Drawn_D_TRENCH_Label_Generic,Layer,61,39,NIL,NIL,NIL,NIL,NIL,NIL,,,,,,,,,
LM-0001.091,Layer Mapping Table,Drawn_D_CAP_Generic,Layer,29,1,NIL,NIL,NIL,NIL,NIL,NIL,,,,,,,,,
LM-0001.091,Layer Mapping Table,Drawn_DV_D_Generic,Layer,228,0,NIL,NIL,NIL,NIL,NIL,NIL,,,,,,,,,
LM-0001.091,Layer Mapping Table,Drawn_DVNwell_NBNOPC_Generic,Layer,181,31,NIL,NIL,,,,,,,,,,,,,
LM-0001.091,Layer Mapping Table,Drawn_DVNwell_Label_Generic,Layer,181,10,NIL,NIL,NIL,NIL,NIL,NIL,,,,,,,,,
LM-0001.091,Layer Mapping Table,Drawn_DVLVTN_Label_Generic,Layer,70,39,NIL,NIL,,,,,,,,,,,,,
LM-0001.091,Layer Mapping Table,Drawn_DV3_SPE_Generic,Layer,167,30,NIL,NIL,,,,,,,,,,,,,
LM-0001.091,Layer Mapping Table,Drawn_DV3_PLDD_Label_Generic,Layer,169,10,NIL,NIL,NIL,NIL,NIL,NIL,,,,,,,,,
LM-0001.091,Layer Mapping Table,Drawn_DV3_NLDD_Label_Generic,Layer,168,10,NIL,NIL,NIL,NIL,NIL,NIL,,,,,,,,,
LM-0001.091,Layer Mapping Table,Drawn_DV3_NBNOPC_Generic,Layer,167,31,NIL,NIL,,,,,,,,,,,,,
LM-0001.091,Layer Mapping Table,Drawn_DV3_Label_Generic,Layer,167,10,NIL,NIL,NIL,NIL,NIL,NIL,,,,,,,,,
LM-0001.091,Layer Mapping Table,Drawn_DV3_Dummy_Generic,Layer,167,4,NIL,NIL,,,,,,,,,,,,,
LM-0001.091,Layer Mapping Table,Drawn_DV3_CD_Generic,Layer,167,32,NIL,NIL,,,,,,,,,,,,,
LM-0001.091,Layer Mapping Table,Drawn_DV3Pwell_Label_Generic,Layer,166,10,NIL,NIL,NIL,NIL,NIL,NIL,,,,,,,,,
LM-0001.091,Layer Mapping Table,Drawn_DV3Nwell_NBNOPC_Generic,Layer,165,31,NIL,NIL,,,,,,,,,,,,,
LM-0001.091,Layer Mapping Table,Drawn_DV3Nwell_Label_Generic,Layer,165,10,NIL,NIL,NIL,NIL,NIL,NIL,,,,,,,,,
LM-0001.091,Layer Mapping Table,Drawn_DV2_SPE_Generic,Layer,144,30,NIL,NIL,,,,,,,,,,,,,
LM-0001.091,Layer Mapping Table,Drawn_DV2_PLDD_NBNOPC_Generic,Layer,146,31,NIL,NIL,,,,,,,,,,,,,
LM-0001.091,Layer Mapping Table,Drawn_DV2_PLDD_Label_Generic,Layer,146,10,NIL,NIL,NIL,NIL,NIL,NIL,,,,,,,,,
LM-0001.091,Layer Mapping Table,Drawn_DV2_PLDD_CD_Generic,Layer,146,32,NIL,NIL,,,,,,,,,,,,,
LM-0001.091,Layer Mapping Table,Drawn_DV2_NLDD_NBNOPC_Generic,Layer,145,31,NIL,NIL,,,,,,,,,,,,,
LM-0001.091,Layer Mapping Table,Drawn_DV2_NLDD_Label_Generic,Layer,145,10,NIL,NIL,NIL,NIL,NIL,NIL,,,,,,,,,
LM-0001.091,Layer Mapping Table,Drawn_DV2_NLDD_CD_Generic,Layer,145,32,NIL,NIL,,,,,,,,,,,,,
LM-0001.091,Layer Mapping Table,Drawn_DV2_NBNOPC_Generic,Layer,144,31,NIL,NIL,,,,,,,,,,,,,
LM-0001.091,Layer Mapping Table,Drawn_DV2_Label_Generic,Layer,144,10,NIL,NIL,NIL,NIL,NIL,NIL,,,,,,,,,
LM-0001.091,Layer Mapping Table,Drawn_DV2_Dummy_Generic,Layer,144,4,NIL,NIL,,,,,,,,,,,,,
LM-0001.091,Layer Mapping Table,Drawn_DV2_D_Generic,Layer,144,1,NIL,NIL,NIL,NIL,NIL,NIL,,,,,,,,,
LM-0001.091,Layer Mapping Table,Drawn_DV2_CD_Generic,Layer,144,32,NIL,NIL,,,,,,,,,,,,,
LM-0001.091,Layer Mapping Table,Drawn_DRIFT_Label_Generic,Layer,91,39,NIL,NIL,NIL,NIL,NIL,NIL,,,,,,,,,
LM-0001.091,Layer Mapping Table,Drawn_DNWELL_SPE_Generic,Layer,12,30,NIL,NIL,,,,,,,,,,,,,
LM-0001.091,Layer Mapping Table,Drawn_DNWELL_NBNOPC_Generic,Layer,12,31,NIL,NIL,,,,,,,,,,,,,
LM-0001.091,Layer Mapping Table,Drawn_DNWELL_Label_Generic,Layer,12,10,NIL,NIL,NIL,NIL,NIL,NIL,,,,,,,,,
LM-0001.091,Layer Mapping Table,Drawn_DNWELL_Dummy_Generic,Layer,12,4,NIL,NIL,,,,,,,,,,,,,
LM-0001.091,Layer Mapping Table,Drawn_DNWELL_CD_Generic,Layer,12,32,NIL,NIL,,,,,,,,,,,,,
LM-0001.091,Layer Mapping Table,Drawn_DNPlus_Label_Generic,Layer,242,10,NIL,NIL,NIL,NIL,NIL,NIL,,,,,,,,,
LM-0001.091,Layer Mapping Table,Drawn_DNI_Label_Generic,Layer,78,10,NIL,NIL,NIL,NIL,NIL,NIL,,,,,,,,,
LM-0001.091,Layer Mapping Table,Drawn_DEPL_Label_Generic,Layer,25,10,NIL,NIL,NIL,NIL,NIL,NIL,,,,,,,,,
LM-0001.091,Layer Mapping Table,Drawn_Cwell_Label_Generic,Layer,125,10,NIL,NIL,NIL,NIL,NIL,NIL,,,,,,,,,
LM-0001.091,Layer Mapping Table,Drawn_Cu_PPI_Label_Generic,Layer,32,39,NIL,NIL,,,,,,,,,,,,,
LM-0001.091,Layer Mapping Table,Drawn_Cu_PPI_Generic,Layer,25,39,NIL,NIL,NIL,NIL,NIL,NIL,,,,,,,,,
LM-0001.091,Layer Mapping Table,Drawn_Cu_PPI_Dummy_Generic,Layer,31,39,NIL,NIL,,,,,,,,,,,,,
LM-0001.091,Layer Mapping Table,Drawn_Cu_PPI_BLK_Generic,Layer,30,39,NIL,NIL,,,,,,,,,,,,,
LM-0001.091,Layer Mapping Table,Drawn_Contact_SPE_Generic,Layer,33,30,NIL,NIL,,,,,,,,,,,,,
LM-0001.091,Layer Mapping Table,Drawn_Contact_NBNOPC_Generic,Layer,33,31,NIL,NIL,,,,,,,,,,,,,
LM-0001.091,Layer Mapping Table,Drawn_Contact_Label_Generic,Layer,33,10,NIL,NIL,NIL,NIL,NIL,NIL,,,,,,,,,
LM-0001.091,Layer Mapping Table,Drawn_Contact_Dummy_Generic,Layer,33,4,NIL,NIL,,,,,,,,,,,,,
LM-0001.091,Layer Mapping Table,Drawn_Contact_CD_Generic,Layer,33,32,NIL,NIL,,,,,,,,,,,,,
LM-0001.091,Layer Mapping Table,Drawn_Contact_Bar_Generic,Layer,33,15,NIL,NIL,,,,,,,,,,,,,
LM-0001.091,Layer Mapping Table,Drawn_Cell_imp_SPE_Generic,Layer,26,30,NIL,NIL,,,,,,,,,,,,,
LM-0001.091,Layer Mapping Table,Drawn_Cell_imp_NBNOPC_Generic,Layer,26,31,NIL,NIL,,,,,,,,,,,,,
LM-0001.091,Layer Mapping Table,Drawn_Cell_imp_Label_Generic,Layer,26,10,NIL,NIL,NIL,NIL,NIL,NIL,,,,,,,,,
LM-0001.091,Layer Mapping Table,Drawn_Cell_imp_Dummy_Generic,Layer,26,4,NIL,NIL,,,,,,,,,,,,,
LM-0001.091,Layer Mapping Table,Drawn_Cell_imp_CD_Generic,Layer,26,32,NIL,NIL,,,,,,,,,,,,,
LM-0001.091,Layer Mapping Table,Drawn_CellSD_Label_Generic,Layer,182,10,NIL,NIL,NIL,NIL,NIL,NIL,,,,,,,,,
LM-0001.091,Layer Mapping Table,Drawn_C_OPEN_NBNOPC_Generic,Layer,98,39,NIL,NIL,,,,,,,,,,,,,
LM-0001.091,Layer Mapping Table,Drawn_C_OPEN_Label_Generic,Layer,60,39,NIL,NIL,,,,,,,,,,,,,
LM-0001.091,Layer Mapping Table,Drawn_COPPER2_Label_Generic,Layer,165,39,NIL,NIL,,,,,,,,,,,,,
LM-0001.091,Layer Mapping Table,Drawn_COPPER1_VIA_Label_Generic,Layer,167,39,NIL,NIL,,,,,,,,,,,,,
LM-0001.091,Layer Mapping Table,Drawn_COPPER1_Label_Generic,Layer,164,39,NIL,NIL,,,,,,,,,,,,,
LM-0001.091,Layer Mapping Table,Drawn_COMP_SPE_Generic,Layer,22,30,NIL,NIL,,,,,,,,,,,,,
LM-0001.091,Layer Mapping Table,Drawn_COMP_NBNOPC_Generic,Layer,22,31,NIL,NIL,,,,,,,,,,,,,
LM-0001.091,Layer Mapping Table,Drawn_COMP_Label_Generic,Layer,22,10,NIL,NIL,NIL,NIL,NIL,NIL,,,,,,,,,
LM-0001.091,Layer Mapping Table,Drawn_COMP_Dummy_Generic,Layer,22,4,NIL,NIL,NIL,NIL,NIL,NIL,,,,,,,,,
LM-0001.091,Layer Mapping Table,Drawn_COMP_CD_Generic,Layer,22,32,NIL,NIL,,,,,,,,,,,,,
LM-0001.091,Layer Mapping Table,Drawn_CMTCORE1_Generic,Layer,41,39,NIL,NIL,,,,,,,,,,,,,
LM-0001.091,Layer Mapping Table,Drawn_CMTCORE0_Generic,Layer,40,39,NIL,NIL,,,,,,,,,,,,,
LM-0001.091,Layer Mapping Table,Drawn_CLHERE_JD,Layer,102,52,NIL,NIL,NIL,NIL,NIL,NIL,,,,,,,,,
LM-0001.091,Layer Mapping Table,Drawn_CFPOLY_Generic,Layer,48,39,NIL,NIL,,,,,,,,,,,,,
LM-0001.091,Layer Mapping Table,Drawn_CELLSAB_Generic,Layer,43,39,NIL,NIL,,,,,,,,,,,,,
LM-0001.091,Layer Mapping Table,Drawn_CELLOD2_Generic,Layer,44,39,NIL,NIL,,,,,,,,,,,,,
LM-0001.091,Layer Mapping Table,Drawn_CB3_Generic,Layer,253,72,NIL,NIL,,,,,,,,,,,,,
LM-0001.091,Layer Mapping Table,Drawn_CAP_NBNOPC_Generic,Layer,29,31,NIL,NIL,,,,,,,,,,,,,
LM-0001.091,Layer Mapping Table,Drawn_CAP_Label_Generic,Layer,29,10,NIL,NIL,NIL,NIL,NIL,NIL,,,,,,,,,
LM-0001.091,Layer Mapping Table,Drawn_CAPIMP_Generic,Layer,42,39,NIL,NIL,,,,,,,,,,,,,
LM-0001.091,Layer Mapping Table,Drawn_CAD_BJT_SYMBOL_Generic,Layer,150,39,NIL,NIL,NIL,NIL,NIL,NIL,,,,,,,,,
LM-0001.091,Layer Mapping Table,Drawn_BuriedPP_Generic,Layer,121,0,NIL,NIL,NIL,NIL,NIL,NIL,,,,,,,,,
LM-0001.091,Layer Mapping Table,Drawn_BuriedCavity_Label_Generic,Layer,199,10,NIL,NIL,NIL,NIL,NIL,NIL,,,,,,,,,
LM-0001.091,Layer Mapping Table,Drawn_BuriedCavity_Dummy_Generic,Layer,73,39,NIL,NIL,,,,,,,,,,,,,
LM-0001.091,Layer Mapping Table,Drawn_BVTP_Label_Generic,Layer,137,10,NIL,NIL,NIL,NIL,NIL,NIL,,,,,,,,,
LM-0001.091,Layer Mapping Table,Drawn_BURIEDGRS_Label_Generic,Layer,64,39,NIL,NIL,,,,,,,,,,,,,
LM-0001.091,Layer Mapping Table,Drawn_BURIEDGRD_Label_Generic,Layer,63,39,NIL,NIL,,,,,,,,,,,,,
LM-0001.091,Layer Mapping Table,Drawn_BN_SPE_Generic,Layer,11,30,NIL,NIL,,,,,,,,,,,,,
LM-0001.091,Layer Mapping Table,Drawn_BN_NBNOPC_Generic,Layer,11,31,NIL,NIL,,,,,,,,,,,,,
LM-0001.091,Layer Mapping Table,Drawn_BN_Label_Generic,Layer,11,10,NIL,NIL,NIL,NIL,NIL,NIL,,,,,,,,,
LM-0001.091,Layer Mapping Table,Drawn_BN_Dummy_Generic,Layer,11,4,NIL,NIL,,,,,,,,,,,,,
LM-0001.091,Layer Mapping Table,Drawn_BN_CD_Generic,Layer,11,32,NIL,NIL,,,,,,,,,,,,,
LM-0001.091,Layer Mapping Table,Drawn_BJT_Label_Generic,Layer,133,10,NIL,NIL,NIL,NIL,NIL,NIL,,,,,,,,,
LM-0001.091,Layer Mapping Table,Drawn_BI_Label_JD,Layer,90,39,NIL,NIL,,,,,,,,,,,,,
LM-0001.091,Layer Mapping Table,Drawn_BC_Generic,Layer,6,6,NIL,NIL,,,,,,,,,,,,,
LM-0001.091,Layer Mapping Table,Drawn_AntiFuse_Label_Generic,Layer,142,10,NIL,NIL,NIL,NIL,NIL,NIL,,,,,,,,,
LM-0001.091,Layer Mapping Table,Drawn_AV_Label_Generic,Layer,14,10,NIL,NIL,NIL,NIL,NIL,NIL,,,,,,,,,
LM-0001.091,Layer Mapping Table,Drawn_AP2_Generic,Layer,253,71,NIL,NIL,,,,,,,,,,,,,
LM-0001.091,Layer Mapping Table,Drawn_ALPad_SPE_Generic,Layer,130,30,NIL,NIL,,,,,,,,,,,,,
LM-0001.091,Layer Mapping Table,Drawn_ALPad_NBNOPC_Generic,Layer,130,31,NIL,NIL,,,,,,,,,,,,,
LM-0001.091,Layer Mapping Table,Drawn_ALPad_Label_Generic,Layer,130,10,NIL,NIL,NIL,NIL,NIL,NIL,,,,,,,,,
LM-0001.091,Layer Mapping Table,Drawn_ALPad_Dummy_Generic,Layer,130,4,NIL,NIL,,,,,,,,,,,,,
LM-0001.091,Layer Mapping Table,Drawn_ALPad_CD_Generic,Layer,130,32,NIL,NIL,,,,,,,,,,,,,
LM-0001.091,Layer Mapping Table,Drawn_AD_NBNOPC_Generic,Layer,15,31,NIL,NIL,,,,,,,,,,,,,
LM-0001.091,Layer Mapping Table,Drawn_AD_Label_Generic,Layer,15,10,NIL,NIL,NIL,NIL,NIL,NIL,,,,,,,,,
LM-0001.091,Layer Mapping Table,Drawn_A4_VIA_Label_Generic,Layer,168,39,NIL,NIL,,,,,,,,,,,,,
LM-0001.091,Layer Mapping Table,Drawn_7V_MK_Generic,Layer,261,39,NIL,NIL,,,,,,,,,,,,,
